Top pages,Clicks,Impressions,CTR,Position
https://www.gotradehere.com/6-brokers-free-bonus/,1618,45848,3.53%,9.12
https://www.gotradehere.com/corporate-bonds-2569/,427,5065,8.43%,10.56
https://www.gotradehere.com/14-candlestick-chart-pattern-reversal/,362,14579,2.48%,3.66
https://www.gotradehere.com/review-broker-connextfx/,352,20713,1.7%,5.78
https://www.gotradehere.com/hfm-deposit-and-withdrawal-methods/,191,3559,5.37%,7.05
https://www.gotradehere.com/review-broker-bestonfx/,152,24091,0.63%,5.03
https://www.gotradehere.com/review-brokers-interstellar-fx/,147,34028,0.43%,6.34
https://www.gotradehere.com/review-brokers-cxm-direct/,142,7576,1.87%,6.23
https://www.gotradehere.com/review-broker-iux/,95,18036,0.53%,9.63
https://www.gotradehere.com/12-types-of-price-action-that-occur-most-often/,94,3766,2.5%,9.67
https://www.gotradehere.com/top-5-best-copy-trade-brokers/,84,4174,2.01%,18.01
https://www.gotradehere.com/,78,229,34.06%,17.94
https://www.gotradehere.com/review-brokers-kcm-trade/,67,3269,2.05%,5.57
https://www.gotradehere.com/review-windsor-brokers/,50,1542,3.24%,6.98
https://www.gotradehere.com/what-is-choch-for-forex-trading/,48,5622,0.85%,4.47
https://www.gotradehere.com/review-kvb-broker/,48,1842,2.61%,7.49
https://www.gotradehere.com/how-to-use-chatgpt-to-analyze-stocks/,43,1782,2.41%,8.11
https://www.gotradehere.com/what-is-clean-energy-stocks/,36,1239,2.91%,6.9
https://www.gotradehere.com/free-swap-forex-brokers/,33,4099,0.81%,26.13
https://www.gotradehere.com/popular-stock-trading-apps-lately/,31,11620,0.27%,17.51
https://www.gotradehere.com/what-is-bos-forex-break-of-structure/,31,5820,0.53%,5.29
https://www.gotradehere.com/5-brokers-that-are-partner-is-best-ib-forex/,29,1584,1.83%,15.76
https://www.gotradehere.com/top-5-low-spread-brokers-forex/,27,8441,0.32%,17.38
https://www.gotradehere.com/5-broker-deposit-withdraw/,25,2755,0.91%,9.1
https://www.gotradehere.com/different-spot-future/,23,2176,1.06%,10.34
https://www.gotradehere.com/forex-market-opening-closing-time/,22,23732,0.09%,8.62
https://www.gotradehere.com/5-youtube-to-teach-forex-trading-for-beginner/,21,962,2.18%,13.13
https://www.gotradehere.com/5-forex-brokers-that-offer-free-forex-vps/,19,2809,0.68%,13.48
https://www.gotradehere.com/review-broker-wetrade/,19,563,3.37%,6.99
https://www.gotradehere.com/forex-brokers-for-gold-trading/,18,8327,0.22%,19.64
https://www.gotradehere.com/how-to-view-forex-factory-news/,18,5006,0.36%,15.46
https://www.gotradehere.com/review-broker-castle-market/,18,1582,1.14%,6.78
https://www.gotradehere.com/hfm-review-broker/,17,3938,0.43%,12.96
https://www.gotradehere.com/procedure-for-opening-an-hfm-account/,16,914,1.75%,9.52
https://www.gotradehere.com/review-broker-pu-prime/,16,597,2.68%,16.28
https://www.gotradehere.com/iux-vs-eightcap-xauusd-comparing-broker/,15,645,2.33%,15.46
https://www.gotradehere.com/review-broker-tradequo/,15,512,2.93%,7.38
https://www.gotradehere.com/which-type-of-hfm-account-is-right-for-you/,14,838,1.67%,11.23
https://www.gotradehere.com/review-broker-eightcap/,11,1557,0.71%,11.93
https://www.gotradehere.com/forex-rebate-cashback/,10,2896,0.35%,12
https://www.gotradehere.com/review-broker-monaxa/,10,1186,0.84%,7.12
https://www.gotradehere.com/review-iux-vs-xm-comparing-broker/,9,2868,0.31%,11.45
https://www.gotradehere.com/roboforex-review-broker/,9,879,1.02%,10.03
https://www.gotradehere.com/fxgt-review-broker/,8,2602,0.31%,12.09
https://www.gotradehere.com/atfx-review-broker/,8,669,1.2%,14.52
https://www.gotradehere.com/5-youtube-to-teach-forex-trading-for-beginner-2023/,8,553,1.45%,13.66
https://www.gotradehere.com/review-broker-decode-global/,8,177,4.52%,9.69
https://www.gotradehere.com/5-broker-trust-worthly/,7,8306,0.08%,24.51
https://www.gotradehere.com/us-stock-sandisk-overview/,7,1896,0.37%,9.07
https://www.gotradehere.com/reviews-crypto-exchange-lbank/,7,334,2.1%,11.27
https://www.gotradehere.com/recommended-stocks-2026/,6,1813,0.33%,10.49
https://www.gotradehere.com/trustfinance-review/,6,1758,0.34%,12.72
https://www.gotradehere.com/what-is-harmonic-pattern/,6,978,0.61%,16
https://www.gotradehere.com/review-broker-ic-markets/,6,547,1.1%,24.74
https://www.gotradehere.com/review-vantage-fx/,6,463,1.3%,24.53
https://www.gotradehere.com/review-broker-ultima-markets/,6,376,1.6%,14.32
https://www.gotradehere.com/review-brokers-moneta-markets/,6,86,6.98%,16.91
https://www.gotradehere.com/binance-vs-bitkub/,5,1059,0.47%,9.62
https://www.gotradehere.com/mitrade-review-broker/,5,871,0.57%,19.04
https://www.gotradehere.com/iux-vs-exness-best-forex-broker/,5,832,0.6%,10.62
https://www.gotradehere.com/corporate-bonds-newly-in-april-2569/,5,326,1.53%,11.1
https://www.gotradehere.com/what-is-gold-carry-trade/,5,190,2.63%,9.51
https://www.gotradehere.com/instaforex-broker-review/,5,163,3.07%,14.78
https://www.gotradehere.com/reviews-crypto-exchange-oxk/,4,1566,0.26%,15.51
https://www.gotradehere.com/what-is-spread-and-how-to-calculate/,4,1256,0.32%,41.4
https://www.gotradehere.com/review-broker-doo-prime/,4,1082,0.37%,15.77
https://www.gotradehere.com/what-is-indicator-and-recommend-for-newbie/,4,970,0.41%,37.41
https://www.gotradehere.com/5-indicators-recommended-by-chatgpt/,4,955,0.42%,16.22
https://www.gotradehere.com/what-is-divergence-in-forex/,4,851,0.47%,23.06
https://www.gotradehere.com/review-broker-fxpro/,4,726,0.55%,18.57
https://www.gotradehere.com/what-is-buy-on-dip-strategy/,4,249,1.61%,12.63
https://www.gotradehere.com/reviews-crypto-exchange-bitget/,4,161,2.48%,10.36
https://www.gotradehere.com/recommend-brokers-forex-topranks/,3,6836,0.04%,36.57
https://www.gotradehere.com/exness-review/,3,3489,0.09%,20.51
https://www.gotradehere.com/weltrade-review-broker/,3,1725,0.17%,21.3
https://www.gotradehere.com/what-is-order-block/,3,764,0.39%,6.55
https://www.gotradehere.com/review-broker-ebc-financial-group/,3,573,0.52%,13.15
https://www.gotradehere.com/10-high-dividend-stocks-in-2566/,3,557,0.54%,11.75
https://www.gotradehere.com/what-is-ichimoku-cloud-indicator/,3,433,0.69%,18.01
https://www.gotradehere.com/fxcm-review-broker/,3,304,0.99%,28.87
https://www.gotradehere.com/review-broker-forex-xm/,3,262,1.15%,27.98
https://www.gotradehere.com/hantec-markets-review-broker/,3,243,1.23%,17
https://www.gotradehere.com/what-is-pivot-point-indicator/,3,214,1.4%,10.91
https://www.gotradehere.com/who-is-the-fed-and-did-it-start/,3,167,1.8%,17.66
https://www.gotradehere.com/what-is-mwali-international-services-authority/,3,151,1.99%,13.03
https://www.gotradehere.com/buy-funds-via-credit-card-easy-to-invest-without-spending-money/,3,139,2.16%,16.29
https://www.gotradehere.com/review-brokers-blueberry-markets/,3,135,2.22%,14.71
https://www.gotradehere.com/reviews-crypto-exchange-bitfinex/,3,112,2.68%,14.53
https://www.gotradehere.com/review-broker-startrader/,3,109,2.75%,22.3
https://www.gotradehere.com/what-is-fiat-money/,2,3236,0.06%,6.27
https://www.gotradehere.com/what-is-pending-order/,2,1673,0.12%,10.58
https://www.gotradehere.com/what-is-price-action-in-forex-trading/,2,1033,0.19%,31.06
https://www.gotradehere.com/review-broker-fbs/,2,987,0.2%,17.84
https://www.gotradehere.com/fullerton-markets-review-broker/,2,661,0.3%,15.82
https://www.gotradehere.com/what-is-ai-stock/,2,548,0.36%,20.99
https://www.gotradehere.com/review-brokers-lirunex/,2,516,0.39%,15.81
https://www.gotradehere.com/what-is-fvg-forex-fair-value-gap/,2,358,0.56%,23.13
https://www.gotradehere.com/มีมแบกโลงศพเต้น-coffin-dance-ถูก/,2,325,0.62%,2.5
https://www.gotradehere.com/review-brokers-aximtrade/,2,319,0.63%,10.09
https://www.gotradehere.com/review-brokers-iq-option/,2,262,0.76%,21.9
https://www.gotradehere.com/what-is-elliott-wave-theory-for-trading/,2,198,1.01%,10.58
https://www.gotradehere.com/what-is-cci-indicator/,2,194,1.03%,16.75
https://www.gotradehere.com/fxcl-reviex-broker/,2,186,1.08%,11.66
https://www.gotradehere.com/reviews-crypto-exchange-bitrue/,2,160,1.25%,23.69
https://www.gotradehere.com/reviews-crypto-exchange-kucoin/,2,159,1.26%,11.5
https://www.gotradehere.com/go-markets-review-broker/,2,127,1.57%,17.95
https://www.gotradehere.com/review-brokers-aetos/,2,126,1.59%,19.27
https://www.gotradehere.com/review-broker-titanfx/,2,103,1.94%,16.42
https://www.gotradehere.com/forex-legal-in-thailand/,2,81,2.47%,20.1
https://www.gotradehere.com/which-trading-style-for-you/,2,68,2.94%,21.59
https://www.gotradehere.com/review-brokers-amarkets/,2,55,3.64%,9.96
https://www.gotradehere.com/easymarkets-review-broker/,2,39,5.13%,14.72
https://www.gotradehere.com/national-bank-forex/,2,10,20%,19.8
https://www.gotradehere.com/top-5-best-forex-broker/,1,5407,0.02%,24.16
https://www.gotradehere.com/how-newbie-trade-stocks/,1,3844,0.03%,58.29
https://www.gotradehere.com/what-is-take-profit-tp-stop-loss-sl/,1,2957,0.03%,13.03
https://www.gotradehere.com/what-is-pe-ratio/,1,2524,0.04%,9.49
https://www.gotradehere.com/trading-by-ea/,1,1733,0.06%,13.7
https://www.gotradehere.com/review-broker-gmi-markets/,1,1726,0.06%,23.18
https://www.gotradehere.com/reviews-crypto-exchange-coinbase/,1,1465,0.07%,13.53
https://www.gotradehere.com/what-is-parabolic-sar-indicator/,1,921,0.11%,12.58
https://www.gotradehere.com/review-broker-tickmill/,1,667,0.15%,19.31
https://www.gotradehere.com/review-brokers-tmgm/,1,608,0.16%,16.63
https://www.gotradehere.com/octafx-review-broker/,1,594,0.17%,15.29
https://www.gotradehere.com/review-etoro-exchange/,1,550,0.18%,23.89
https://www.gotradehere.com/get-to-know-what-copy-trading-is/,1,550,0.18%,57.99
https://www.gotradehere.com/what-is-macd-indicator-and-how-to-take-profit/,1,467,0.21%,31.52
https://www.gotradehere.com/u-s-dollar-index/,1,430,0.23%,26.79
https://www.gotradehere.com/how-to-check-broker-forex-license/,1,425,0.24%,15.3
https://www.gotradehere.com/what-is-cent/,1,414,0.24%,35.23
https://www.gotradehere.com/crypto-fear-and-greed-index/,1,371,0.27%,8.77
https://www.gotradehere.com/reviews-crypto-exchange-kraken/,1,318,0.31%,19.8
https://www.gotradehere.com/what-is-forex-tax-in-thailand/,1,259,0.39%,16.94
https://www.gotradehere.com/about-us/,1,254,0.39%,10.51
https://www.gotradehere.com/corporate-bonds-newly-in-january-2569/,1,237,0.42%,18.75
https://www.gotradehere.com/review-brokers-infinox/,1,211,0.47%,24.26
https://www.gotradehere.com/satoshi-nakamoto-ผู้สร้าง-bitcoin-คือใครกันแน/,1,207,0.48%,12.53
https://www.gotradehere.com/review-broker-litefinance/,1,202,0.5%,17.48
https://www.gotradehere.com/fusion-markets-review-broker/,1,201,0.5%,14.26
https://www.gotradehere.com/reviews-crypto-exchange-mexc/,1,184,0.54%,14.17
https://www.gotradehere.com/review-brokers-xtb/,1,176,0.57%,32.99
https://www.gotradehere.com/utspay-forex-rebate-review/,1,165,0.61%,10.02
https://www.gotradehere.com/introduce-moodeng-coin-currency/,1,164,0.61%,4.23
https://www.gotradehere.com/what-is-bollinger-band-indicator-or-bb/,1,156,0.64%,30.33
https://www.gotradehere.com/what-is-market-cap-and-why-does-it-matters/,1,150,0.67%,28.93
https://www.gotradehere.com/reviews-crypto-exchange-coincheck/,1,143,0.7%,15.41
https://www.gotradehere.com/worldforex-reiview-broker/,1,132,0.76%,9.01
https://www.gotradehere.com/review-broker-fxopen/,1,120,0.83%,9.53
https://www.gotradehere.com/get-to-know-the-chinese-stock-market/,1,115,0.87%,22.09
https://www.gotradehere.com/__trashed-2/,1,95,1.05%,19.97
https://www.gotradehere.com/review-broker-primexbt/,1,88,1.14%,20.61
https://www.gotradehere.com/what-is-atr-indicator/,1,87,1.15%,9.56
https://www.gotradehere.com/category/knowledge/,1,71,1.41%,1.77
https://www.gotradehere.com/ความหมายของ-ราคาคู่เงิน/,1,71,1.41%,9.41
https://www.gotradehere.com/review-broker-blackbull-markets/,1,50,2%,10.26
https://www.gotradehere.com/review-brokers-t4trade/,1,38,2.63%,12
https://www.gotradehere.com/what-is-forex-pair-currency/,1,38,2.63%,20.39
https://www.gotradehere.com/how-to-risk-management/,1,33,3.03%,24.76
https://www.gotradehere.com/5-เว็บไซต์ที่น่าสนสำหรับ/,1,27,3.7%,29.15
https://www.gotradehere.com/ทำความรู้จักกระเป๋าเงิ/,1,24,4.17%,15.08
https://www.gotradehere.com/economic-crisis-movie-based-on-true-story/,1,22,4.55%,10.41
https://www.gotradehere.com/what-is-ebitda-why-did-warren-buffett-warning/,1,19,5.26%,41.58
https://www.gotradehere.com/review-broker-swissquote/,1,17,5.88%,8.94
https://www.gotradehere.com/corporate-bonds-newly-in-july-2567/,1,14,7.14%,11.43
https://www.gotradehere.com/เปิดตัว-shibaswap-กระดานแลกเปลี่/,1,13,7.69%,7.38
https://www.gotradehere.com/7-สกุลเงินดิจิทัล-ที่-ก-ล-ต/,1,12,8.33%,13.42
https://www.gotradehere.com/6-เคล็ดลับสำหรับการวิเคร/,1,8,12.5%,15.75
https://www.gotradehere.com/review-brokers-fairmarkets/,1,6,16.67%,2.67
https://www.gotradehere.com/bitcoin-price-affects-graphic-card-prices/,1,5,20%,5.8
https://www.gotradehere.com/kub-coin-พุ่งแรง-110-หลังประกาศจะเ/,1,4,25%,7.25
https://www.gotradehere.com/ronin-bridge-ถูกแฮ็กสูญเงินกว่า-2-หม/,1,3,33.33%,5.67
https://www.gotradehere.com/invest-in-foreign-stocks-prepare-to-pay-taxes/,1,2,50%,7
https://www.gotradehere.com/how-to-choose-best-forex-broker/,0,8165,0%,41.35
https://www.gotradehere.com/what-is-forex/,0,7337,0%,64.72
https://www.gotradehere.com/popular-forex-brokers-in-thailand/,0,5599,0%,56.35
https://www.gotradehere.com/recommended-forex-brokers/,0,4108,0%,71.78
https://www.gotradehere.com/how-to-trade-gold/,0,3573,0%,55.9
https://www.gotradehere.com/แพลตฟอร์ม-metatrader-4-คืออะไร-ทำไม/,0,2495,0%,57.34
https://www.gotradehere.com/the-best-5-health-insurances-in-2024/,0,2471,0%,71.85
https://www.gotradehere.com/what-is-stock-cfd/,0,2403,0%,64.79
https://www.gotradehere.com/what-is-cpi-consumer-price-index/,0,2358,0%,15.39
https://www.gotradehere.com/cysec-ใน-forex-คืออะไร-และโบรกเกอร/,0,1767,0%,14.61
https://www.gotradehere.com/what-is-leverage-in-forex/,0,1573,0%,50.23
https://www.gotradehere.com/what-is-pip-and-how-to-calculate/,0,1249,0%,52
https://www.gotradehere.com/forex-broker-pillar-page/,0,1249,0%,65.05
https://www.gotradehere.com/how-to-buy-bitcoin-and-best-crypto-broker/,0,1153,0%,50.09
https://www.gotradehere.com/what-are-spdr-etfs/,0,1099,0%,20.42
https://www.gotradehere.com/ความหมายของ-swift-code/,0,1087,0%,29.55
https://www.gotradehere.com/what-is-tfex-for-beginner-2023/,0,938,0%,46.92
https://www.gotradehere.com/what-is-unemployment-claims/,0,888,0%,14.36
https://www.gotradehere.com/การเทรด-commodity-คืออะไร/,0,841,0%,56.63
https://www.gotradehere.com/what-is-price-pattern-and-chart-pattern-trade/,0,822,0%,22.61
https://www.gotradehere.com/recommend-6-crypto-in-2024/,0,814,0%,17.68
https://www.gotradehere.com/what-is-fibonacci-indicator-and-how-to-use/,0,779,0%,40.27
https://www.gotradehere.com/reviews-crypto-exchange-binance/,0,762,0%,23.84
https://www.gotradehere.com/what-is-peer-to-peer-p2p-in-cryptocurrency/,0,735,0%,37
https://www.gotradehere.com/what-is-deflation-and-recommend-safe-assets/,0,711,0%,61.99
https://www.gotradehere.com/group-investment-what-is-a-semiconductor/,0,691,0%,52.24
https://www.gotradehere.com/what-is-swap/,0,670,0%,37.5
https://www.gotradehere.com/tag/forex-news/,0,664,0%,55.1
https://www.gotradehere.com/เวลาเปิด-ปิด-ของตลาด-forex/,0,641,0%,59.81
https://www.gotradehere.com/what-is-support-and-resistance/,0,635,0%,48.3
https://www.gotradehere.com/what-is-stochastic-oscillator/,0,625,0%,33.12
https://www.gotradehere.com/get-to-know-what-an-fcd-account-is/,0,608,0%,55.62
https://www.gotradehere.com/what-is-metatrader-5-mt5/,0,595,0%,40.42
https://www.gotradehere.com/what-is-margin/,0,571,0%,61.9
https://www.gotradehere.com/ทำความรู้จัก-ripple-xrp-เหรียญคร/,0,554,0%,13.5
https://www.gotradehere.com/what-is-social-trading-platform-for-forex/,0,530,0%,23.97
https://www.gotradehere.com/top-10-high-interest-deposits/,0,498,0%,55.01
https://www.gotradehere.com/what-is-fintech-a-modern-financial-technology/,0,498,0%,72.66
https://www.gotradehere.com/what-is-nonfarm-payrolls/,0,481,0%,35.4
https://www.gotradehere.com/review-broker-pepperstone/,0,472,0%,40.61
https://www.gotradehere.com/what-is-rsi-indicator-for-new-trader/,0,417,0%,38.29
https://www.gotradehere.com/what-is-slippage/,0,405,0%,32.51
https://www.gotradehere.com/part-time-trader-forex-strategy/,0,399,0%,44.56
https://www.gotradehere.com/what-is-the-rmf-funds-in-2023-which-rmf-good/,0,387,0%,67.23
https://www.gotradehere.com/review-fp-markets/,0,360,0%,13.31
https://www.gotradehere.com/bid-price-ask-price/,0,344,0%,13.95
https://www.gotradehere.com/5-steps-to-open-an-fxgt-com-account/,0,294,0%,20.37
https://www.gotradehere.com/what-is-pamm-mam/,0,291,0%,32.15
https://www.gotradehere.com/what-is-vps-for-forex-trading/,0,280,0%,57.58
https://www.gotradehere.com/what-is-altcoin/,0,265,0%,35.81
https://www.gotradehere.com/what-is-smart-contract/,0,217,0%,48.23
https://www.gotradehere.com/advanced-technical-analysis-for-forex-trade/,0,215,0%,35.79
https://www.gotradehere.com/what-is-moving-average-basic-indicator/,0,212,0%,31.54
https://www.gotradehere.com/what-is-digital-wallet-and-how-it-works/,0,206,0%,43.82
https://www.gotradehere.com/แนะนำกลยุทธ์เทรดฟิวเจอ/,0,202,0%,44
https://www.gotradehere.com/recommend-7-stocks-cyber-security/,0,199,0%,6.8
https://www.gotradehere.com/safe-haven/,0,196,0%,8.84
https://www.gotradehere.com/what-is-corporate-bond/,0,195,0%,68.94
https://www.gotradehere.com/what-is-gdp/,0,191,0%,35.4
https://www.gotradehere.com/ironfx-review-broker/,0,183,0%,12.61
https://www.gotradehere.com/reviews-crypto-exchange-bitkub/,0,179,0%,19.11
https://www.gotradehere.com/corporate-bonds-newly-in-february-2569/,0,162,0%,17.57
https://www.gotradehere.com/best-technical-analysis/,0,156,0%,26.13
https://www.gotradehere.com/อะไรคือค่า-rsi/,0,150,0%,83.04
https://www.gotradehere.com/pop-mart-an-art-toy-company/,0,148,0%,7.66
https://www.gotradehere.com/category/review-brokers/,0,147,0%,22.67
https://www.gotradehere.com/ระดับนักเทรด-forex-คุณอยู่ระ/,0,132,0%,60.65
https://www.gotradehere.com/superforex-review-broker/,0,124,0%,10.96
https://www.gotradehere.com/7-free-credit-cards-first-jobber-in-2023/,0,119,0%,29.63
https://www.gotradehere.com/โดนไล่มารีวิวตรงนี้-โบ-3/,0,115,0%,18.24
https://www.gotradehere.com/review-broker-htfx/,0,111,0%,10.2
https://www.gotradehere.com/hedging-forex/,0,110,0%,20.58
https://www.gotradehere.com/stock-should-buy-in-each-economic-cycle/,0,108,0%,5.57
https://www.gotradehere.com/category/news/,0,105,0%,8.89
https://www.gotradehere.com/what-is-obv-on-balance-volume-indicator/,0,103,0%,13.26
https://www.gotradehere.com/kub-coin-price-jumps-to-50-baht/,0,102,0%,10.38
https://www.gotradehere.com/crypto-ronin-nft/,0,97,0%,11.82
https://www.gotradehere.com/รู้จักหรือยัง-ตลาดกระทิ/,0,96,0%,52.84
https://www.gotradehere.com/ราคาเหรียญ-zil-เพิ่มขึ้นเก/,0,92,0%,17.62
https://www.gotradehere.com/strong-weak-currency-impact/,0,91,0%,67.9
https://www.gotradehere.com/review-fxprimus/,0,86,0%,13.21
https://www.gotradehere.com/what-is-brics-the-new-power-of-the-world/,0,84,0%,24.56
https://www.gotradehere.com/review-brokers-nordfx/,0,82,0%,15
https://www.gotradehere.com/ทำความรู้จัก-blue-chip-stock-หรือหุ้น/,0,79,0%,38.91
https://www.gotradehere.com/corporate-bonds-newly-in-march-2569/,0,78,0%,16.08
https://www.gotradehere.com/ทำความรู้จัก-jfin-coin/,0,76,0%,16.91
https://www.gotradehere.com/forex-vocabulary-for-newbie/,0,75,0%,29.33
https://www.gotradehere.com/อะไรคือ-การปั่นหุ้น-stock-manipulation/,0,73,0%,12.53
https://www.gotradehere.com/what-is-flash-crash-forex/,0,72,0%,8.5
https://www.gotradehere.com/อะไรคือ-deposit-funds/,0,72,0%,9
https://www.gotradehere.com/value-investor-vi-หรือการลงทุนแบบเน้นค/,0,72,0%,40.64
https://www.gotradehere.com/corporate-bonds-newly-in-may-2569/,0,71,0%,12.17
https://www.gotradehere.com/ความสำคัญของ-gap-ในตลาด-forex/,0,69,0%,17.32
https://www.gotradehere.com/review-brokers-aaafx/,0,68,0%,14.07
https://www.gotradehere.com/different-usdt-and-usdc/,0,67,0%,33.21
https://www.gotradehere.com/what-is-paypal-mafia-king-of-technology/,0,66,0%,7.39
https://www.gotradehere.com/balance-ในโปรแกรม-mt4-คืออะไร/,0,65,0%,7.95
https://www.gotradehere.com/ทำความรู้จักกับ-position-ในตลาด/,0,65,0%,8.6
https://www.gotradehere.com/investment-apps-and-websites-you-should-know/,0,64,0%,41.45
https://www.gotradehere.com/what-is-market-maker/,0,62,0%,19.37
https://www.gotradehere.com/what-is-etf/,0,61,0%,63.38
https://www.gotradehere.com/reviews-crypto-exchange-bitstamp/,0,60,0%,8.98
https://www.gotradehere.com/review-brokers-activtrades/,0,60,0%,17.53
https://www.gotradehere.com/9-cryptocurrency-coins-to-invest-in-2023/,0,59,0%,24.93
https://www.gotradehere.com/reviews-crypto-exchange-bitmart/,0,54,0%,10.39
https://www.gotradehere.com/litecoin-เหรียญรุ่นใหม่ไฮไลกว่/,0,54,0%,57.7
https://www.gotradehere.com/port-of-thanathorn-juangroongruangkit-found-a-lot-of-energy-stocks/,0,53,0%,8.09
https://www.gotradehere.com/what-is-arbitrage/,0,53,0%,53.15
https://www.gotradehere.com/reviews-crypto-exchange-bybit/,0,48,0%,19.21
https://www.gotradehere.com/อิหร่าน/,0,47,0%,1.55
https://www.gotradehere.com/tag/commodity/,0,46,0%,6.74
https://www.gotradehere.com/scbs-innovest-x/,0,44,0%,34.5
https://www.gotradehere.com/review-brokers-oanda/,0,44,0%,41.14
https://www.gotradehere.com/review-broker-trade-nation/,0,43,0%,6.65
https://www.gotradehere.com/review-broker-dukascopy/,0,43,0%,11.33
https://www.gotradehere.com/what-is-requotes-and-rejections/,0,39,0%,7.69
https://www.gotradehere.com/what-is-airdrop-investing-cryptocurrency/,0,39,0%,23.18
https://www.gotradehere.com/the-meaning-of-the-word-doi/,0,39,0%,24.05
https://www.gotradehere.com/recommend-stocks-trend-2024/,0,38,0%,3.34
https://www.gotradehere.com/review-brokers-top1-markets/,0,37,0%,12.35
https://www.gotradehere.com/what-is-forex-order-type/,0,36,0%,28.39
https://www.gotradehere.com/indicator-forex-ที่ช่วยวัดปริมาณการซ/,0,36,0%,50.5
https://www.gotradehere.com/review-broker-grandcapital/,0,36,0%,57.36
https://www.gotradehere.com/tag/investing-knowledge/,0,35,0%,6.54
https://www.gotradehere.com/review-brokers-fxchoice/,0,34,0%,9.82
https://www.gotradehere.com/review-broker-multibank-group/,0,34,0%,14.09
https://www.gotradehere.com/10-thai-stocks-with-good-fundamentals-in-2023/,0,33,0%,20.82
https://www.gotradehere.com/most-popular-forex-charts/,0,32,0%,29.75
https://www.gotradehere.com/corporate-bonds-newly-in-april-2567/,0,32,0%,57.59
https://www.gotradehere.com/trading-psychology-trading/,0,31,0%,2.29
https://www.gotradehere.com/us-stock-netflix-overview/,0,31,0%,11.48
https://www.gotradehere.com/reviews-crypto-exchange-bitflyer/,0,31,0%,27.35
https://www.gotradehere.com/what-is-hardware-wallet-in-cryptocurrency/,0,31,0%,57.87
https://www.gotradehere.com/reviews-crypto-exchange-changelly/,0,29,0%,5.59
https://www.gotradehere.com/usdt-through-the-telegram-app/,0,29,0%,8.38
https://www.gotradehere.com/pudgy-penguins-nft-collection-ก้าวต่อไปด้วยการขา/,0,27,0%,9.22
https://www.gotradehere.com/ทำความรู้จักดัชนีหุ้นข/,0,26,0%,32.54
https://www.gotradehere.com/what-is-qe-and-is-it-really-good/,0,26,0%,32.69
https://www.gotradehere.com/event-trustfinance-vision-bangkok/,0,25,0%,39.2
https://www.gotradehere.com/binance-announces-burning-luna-coins/,0,24,0%,14
https://www.gotradehere.com/หน่วยสืบราชการลับ-mossad-ของอ/,0,24,0%,16.12
https://www.gotradehere.com/ada-เหรียญที่สร้างมาเพื่อ/,0,24,0%,44.04
https://www.gotradehere.com/2025-will-be-the-best-year-for-crypto-market/,0,24,0%,64.75
https://www.gotradehere.com/axitrader-review-broker/,0,23,0%,24.13
https://www.gotradehere.com/why-is-com7-stock-relate-to-iphone/,0,23,0%,32.91
https://www.gotradehere.com/what-is-santa-claus-rally/,0,23,0%,37.91
https://www.gotradehere.com/reviews-crypto-exchange-bithumb/,0,22,0%,8.86
https://www.gotradehere.com/michael-saylor-bitcoin/,0,22,0%,8.95
https://www.gotradehere.com/ทำความรู้จัก-crypto-currency-faucet/,0,21,0%,8.9
https://www.gotradehere.com/เทคนิคการเทรด-forex-ด้วยกลยุ/,0,21,0%,13.52
https://www.gotradehere.com/cefi-คืออะไร/,0,21,0%,14.81
https://www.gotradehere.com/star-atlas-เกมบน-blockchain-ที่จะพาคุณไป/,0,20,0%,24.7
https://www.gotradehere.com/review-broker-axiory/,0,19,0%,5.05
https://www.gotradehere.com/reviews-crypto-exchange-gemini/,0,19,0%,12.89
https://www.gotradehere.com/review-brokers-bcr/,0,19,0%,15.68
https://www.gotradehere.com/review-brokers-topfx/,0,19,0%,30.42
https://www.gotradehere.com/review-brokers-darwinex/,0,18,0%,27.67
https://www.gotradehere.com/โดนไล่มารีวิวตรงนี้-โบ-13/,0,17,0%,7.47
https://www.gotradehere.com/tag/cryptocurrency-knowledge/,0,17,0%,19.24
https://www.gotradehere.com/3-reason-gold/,0,17,0%,49.24
https://www.gotradehere.com/review-brokers-squaredfinancial/,0,16,0%,11
https://www.gotradehere.com/reviews-crypto-exchange-shakepay/,0,16,0%,37.81
https://www.gotradehere.com/comparing-stock-vs-forex/,0,16,0%,51.19
https://www.gotradehere.com/privacy-policy/,0,15,0%,5
https://www.gotradehere.com/what-is-foreign-income-tax-2023/,0,15,0%,7.07
https://www.gotradehere.com/review-brokers-rakuten-securities-australia/,0,14,0%,6.21
https://www.gotradehere.com/category/crypto-exchanges/,0,14,0%,23.36
https://www.gotradehere.com/bitget-increases-refer-a-friend-bonus/,0,14,0%,26.64
https://www.gotradehere.com/burn-terra-ust-เผาเหรียญ/,0,13,0%,7.15
https://www.gotradehere.com/the-relationship-between-dollar-and-gold/,0,13,0%,8.85
https://www.gotradehere.com/p2e-nft/,0,13,0%,9.69
https://www.gotradehere.com/stocks-for-long-term-investment/,0,13,0%,19.38
https://www.gotradehere.com/สิ่งที่ต้องเตรียมไว้ก่/,0,13,0%,21.23
https://www.gotradehere.com/us-stock-nvidia-overview/,0,13,0%,44.77
https://www.gotradehere.com/review-brokers-bdswiss/,0,12,0%,26.75
https://www.gotradehere.com/reviews-crypto-exchange-bitso/,0,11,0%,10.55
https://www.gotradehere.com/tag/forex-knowledge/,0,11,0%,11.45
https://www.gotradehere.com/10-mutual-funds-2023/,0,11,0%,16.36
https://www.gotradehere.com/pepe-coin-price-more-than-30/,0,11,0%,16.82
https://www.gotradehere.com/what-is-realx-token-digital-from-tokenx/,0,11,0%,32.45
https://www.gotradehere.com/ดีเจชื่อดังเปย์หนัก-แจก/,0,10,0%,18
https://www.gotradehere.com/thailand-is-preparing-to-collect-taxes-on-foreign-income/,0,9,0%,10.44
https://www.gotradehere.com/cefi-กับ-defi-แตกต่างกันอย่างไร/,0,9,0%,21
https://www.gotradehere.com/6-healthcare-stocks-enter-aging-society-2023/,0,9,0%,27.78
https://www.gotradehere.com/best-technical-analysis,0,9,0%,34.44
https://www.gotradehere.com/ความแตกต่างระหว่าง-futures-และ-f/,0,9,0%,56.67
https://www.gotradehere.com/ระวังขาดทุน-latency-หากระบบเ/,0,8,0%,7.12
https://www.gotradehere.com/how-to-choose-best-corporate-bond/,0,8,0%,8
https://www.gotradehere.com/how-to-take-profit-in-a-down-trend-market/,0,8,0%,10.12
https://www.gotradehere.com/2026/01/15/,0,8,0%,13.62
https://www.gotradehere.com/2024/06/page/3/,0,8,0%,21
https://www.gotradehere.com/why-did-silicon-valley-go-bankrupt/,0,8,0%,46.12
https://www.gotradehere.com/review-brokers-bux-markets/,0,7,0%,8.29
https://www.gotradehere.com/binance-smart-chain-work/,0,7,0%,9.43
https://www.gotradehere.com/pepe-coin-up-6-percent/,0,7,0%,28.14
https://www.gotradehere.com/ทำความรู้จักตลาดหุ้นจี/,0,6,0%,6.17
https://www.gotradehere.com/newly-issued-corporate-bonds-in-august-2566/,0,6,0%,9.33
https://www.gotradehere.com/newly-issued-corporate-bonds-in-april-2566/,0,6,0%,12.33
https://www.gotradehere.com/7-high-deposit-interest-rate-in-september-2023/,0,6,0%,15.83
https://www.gotradehere.com/thai-rice-export/,0,6,0%,27.5
https://www.gotradehere.com/tag/stock-knowledge/,0,6,0%,27.83
https://www.gotradehere.com/forex-trading-platforms/,0,6,0%,36
https://www.gotradehere.com/2026/05/,0,5,0%,5.2
https://www.gotradehere.com/crypto-vocab-for-trader/,0,5,0%,5.4
https://www.gotradehere.com/fxglory-reiview-broker/,0,5,0%,5.4
https://www.gotradehere.com/binance-us-revealed-delist-only-10-pairs-of-coins/,0,5,0%,8.2
https://www.gotradehere.com/coinex-got-hacked/,0,5,0%,13
https://www.gotradehere.com/gotradehere-grab-activities/,0,5,0%,24.2
https://www.gotradehere.com/cyptopunk-คืออะไร-โปรเจกต์น้องใ/,0,5,0%,25.4
https://www.gotradehere.com/ตลาดหุ้นอเมริกาเป็นอย่/,0,5,0%,27
https://www.gotradehere.com/invest-gold-vs-invest-bitcoin/,0,5,0%,29.8
https://www.gotradehere.com/bitcoin-etf-increase/,0,5,0%,55
https://www.gotradehere.com/bitcoin-hit-70000-usd/,0,5,0%,70.2
https://www.gotradehere.com/bitcoin-hit-100000-dollar/,0,5,0%,73
https://www.gotradehere.com/เทรด-bitcoin-ต้องเสียภาษีหรือไ/,0,4,0%,7.25
https://www.gotradehere.com/harmony-horizon-bridge-hacked/,0,4,0%,10.75
https://www.gotradehere.com/ความเข้าใจผิด-ของเหล่าน/,0,4,0%,15.75
https://www.gotradehere.com/what-is-reits/,0,4,0%,18.75
https://www.gotradehere.com/20th-anniversary-of-the-us-invasion-of-iraq/,0,4,0%,22.75
https://www.gotradehere.com/2025/03/,0,3,0%,3
https://www.gotradehere.com/steve-jobs-might-be-the-founder-of-bitcoin/,0,3,0%,3.67
https://www.gotradehere.com/get-to-know-bitcoin-halving/,0,3,0%,8.67
https://www.gotradehere.com/binance-announces-delist-9-trading-pairs/,0,3,0%,9
https://www.gotradehere.com/iraq-abolishes-the-use-of-the-dollar/,0,3,0%,9.33
https://www.gotradehere.com/what-is-paypal-for-trading,0,3,0%,9.67
https://www.gotradehere.com/corporate-bonds-newly-in-sepember-2024/,0,3,0%,10
https://www.gotradehere.com/what-is-e-sport-and-game-stock/,0,3,0%,10.67
https://www.gotradehere.com/do-kwon-ผู้ก่อตั้ง-terra-ยังไม่ยอมแ/,0,3,0%,11.33
https://www.gotradehere.com/binance-is-giving-away-1-btc-for-free/,0,3,0%,12
https://www.gotradehere.com/ronin-ประกาศโดนแฮก/,0,3,0%,12
https://www.gotradehere.com/โบรกเกอร์-forex-ecn-มีข้อดียังไง/,0,3,0%,14.67
https://www.gotradehere.com/wp-content/uploads/2024/01/18-Chart-Pattern.webp,0,3,0%,14.67
https://www.gotradehere.com/forex-account-and-how-to-choose/,0,3,0%,15.33
https://www.gotradehere.com/ข้อควรระวัง-4-รูปแบบกลโก/,0,3,0%,16.33
https://www.gotradehere.com/อยากเป็นนักเทรดรายวัน/,0,3,0%,26.33
https://www.gotradehere.com/the-ministry-of-finance-explains-that-the-10000-baht-digital-currency/,0,3,0%,26.67
https://www.gotradehere.com/binance-announces-token-leverage/,0,3,0%,99.67
https://www.gotradehere.com/สร้างผลกำไรแบบทวีคูณ-ด้/,0,2,0%,2
https://www.gotradehere.com/michael-saylor-ceo-ของ-microstrategy-เข้าซื้อ-bitcoin-เพิ่ม-13005-btc/,0,2,0%,3
https://www.gotradehere.com/2026/03/,0,2,0%,3.5
https://www.gotradehere.com/solana-sol-ทุบสถิติสูงสุดเป็นปร/,0,2,0%,5
https://www.gotradehere.com/กระเป๋าเงินในโลก-cryptocurrency/,0,2,0%,6
https://www.gotradehere.com/tag/economic-knowledge/,0,2,0%,6.5
https://www.gotradehere.com/รัสเซียหันมาใช้-unionpay-ของจีน/,0,2,0%,7.5
https://www.gotradehere.com/ada-เตรียมอัปเกรดครั้งใหญ/,0,2,0%,7.5
https://www.gotradehere.com/bitcoin-falls-to-62000-dollar-sell-in-may/,0,2,0%,7.5
https://www.gotradehere.com/black-friday-impact-on-bitcoin/,0,2,0%,7.5
https://www.gotradehere.com/what-is-yield-in-investment-2023/,0,2,0%,7.5
https://www.gotradehere.com/อาชญากรรม-crypto-พุ่งสูงขึ้นเ/,0,2,0%,8
https://www.gotradehere.com/7-หุ้นที่ลงทุนใน-bitcoin/,0,2,0%,8
https://www.gotradehere.com/dj-steve-aoki-เผยทำเงินจาก-nfts-ได้มากกว/,0,2,0%,9
https://www.gotradehere.com/7-commercial-banks-2023/,0,2,0%,9.5
https://www.gotradehere.com/essential-forex-news-for-traders/,0,2,0%,9.5
https://www.gotradehere.com/michael-saylor-selling-7-billion-in-microstrategy-stock/,0,2,0%,9.5
https://www.gotradehere.com/ea-sports-บริษัทวิดิโอเกมส์ยักษ/,0,2,0%,10
https://www.gotradehere.com/chatgpt-predicts-shib-has-a-chance-of-rising/,0,2,0%,12.5
https://www.gotradehere.com/wp-content/uploads/2025/11/What-is-CHoCH-1024x576.webp,0,2,0%,14.5
https://www.gotradehere.com/wp-content/uploads/2022/12/bitkub-logo-.jpg.webp,0,2,0%,19.5
https://www.gotradehere.com/what-is-sell-in-may-and-go-away/,0,2,0%,51.5
https://www.gotradehere.com/crypto-cbdc-central-bank-2/,0,2,0%,54.5
https://www.gotradehere.com/ethereum-ถูกเผาไปแล้วกว่า-200000-eth-หลั/,0,2,0%,75
https://www.gotradehere.com/ทำความรู้จักกับประวัติ-e/,0,1,0%,1
https://www.gotradehere.com/2025/04/04/,0,1,0%,1
https://www.gotradehere.com/asean-discuss-preparing-to-push-local-currency/,0,1,0%,1
https://www.gotradehere.com/forex-rebate-cashback-utspay/,0,1,0%,1
https://www.gotradehere.com/lg-crypto-wallet-wallypto/,0,1,0%,1
https://www.gotradehere.com/wp-content/uploads/2025/03/InnovestX-Logo-1024x1024.webp,0,1,0%,1
https://www.gotradehere.com/author/gotradehere/page/3/,0,1,0%,2
https://www.gotradehere.com/ก-ล-ต-สั่งปรับ-zipmex-1-9/,0,1,0%,3
https://www.gotradehere.com/ทองพุ่ง-หลังfedประกาศยังไ/,0,1,0%,3
https://www.gotradehere.com/corporate-bonds-newly-in-october-2566/,0,1,0%,3
https://www.gotradehere.com/wp-content/uploads/2022/12/bitkub.jpg,0,1,0%,3
https://www.gotradehere.com/wp-content/uploads/2025/03/Liberator-Logo-1024x1024.webp,0,1,0%,3
https://www.gotradehere.com/5-crypto-scams/,0,1,0%,4
https://www.gotradehere.com/bitkub-announces-participation-in-the-easy-e-receipt/,0,1,0%,4
https://www.gotradehere.com/david-tice-ผู้จัดการกองทุนกล่าวว/,0,1,0%,4
https://www.gotradehere.com/bitcoin-may-hit-135000-dollar/,0,1,0%,5
https://www.gotradehere.com/eth-may-hit-5000-after-spot-ethereum-etf/,0,1,0%,5
https://www.gotradehere.com/review-brokers-forexmart/,0,1,0%,5
https://www.gotradehere.com/wp-content/uploads/2025/11/BOS-Forex-Structure-1024x576.webp,0,1,0%,5
https://www.gotradehere.com/ทำไมข่าวถึงสำคัญกับเทร/,0,1,0%,6
https://www.gotradehere.com/jp-morgan-has-officially-acquired-first-republic-bank/,0,1,0%,6
https://www.gotradehere.com/what-is-luna-token/,0,1,0%,6
https://www.gotradehere.com/wp-content/uploads/2021/07/Screenshot-2021-07-16-144517.jpg,0,1,0%,6
https://www.gotradehere.com/2026/02/23/,0,1,0%,7
https://www.gotradehere.com/cz-calls-sbf-a-fraud/,0,1,0%,7
https://www.gotradehere.com/op-hacked/,0,1,0%,7
https://www.gotradehere.com/ในโลก-crytocurrency-ก็เป็นชาวนาได้/,0,1,0%,8
https://www.gotradehere.com/ftx-will-repay-creditors-2024/,0,1,0%,8
https://www.gotradehere.com/2026/02/24/,0,1,0%,9
https://www.gotradehere.com/3-เหรียญคริปโต-คู่แข่ง-ethereum/,0,1,0%,9
https://www.gotradehere.com/5-เหรียญคริปโต-สาย-nft-ที่น่า/,0,1,0%,9
https://www.gotradehere.com/binance-เตรียมเผาเหรียญ-bnb-ครั้ง/,0,1,0%,9
https://www.gotradehere.com/binance-เปิดตัว-nft-marketplace/,0,1,0%,9
https://www.gotradehere.com/cardano-hit-0-639-dollar/,0,1,0%,9
https://www.gotradehere.com/defi-คืออะไร/,0,1,0%,9
https://www.gotradehere.com/pboc-may-gradually-shift-away-rrr/,0,1,0%,9
https://www.gotradehere.com/review-broker-baxia-markets/,0,1,0%,9
https://www.gotradehere.com/จีนแจกอั่งเปาในเงินหยว/,0,1,0%,10
https://www.gotradehere.com/ธนาคารชั้นนำหลายแห่งใน/,0,1,0%,10
https://www.gotradehere.com/สิ่งที่ควรหลีกเลี่ยงใน/,0,1,0%,10
https://www.gotradehere.com/bitcoin-hit-69000-dollar/,0,1,0%,10
https://www.gotradehere.com/bitkub-prepares-to-remove-busd-coin/,0,1,0%,10
https://www.gotradehere.com/ripple-prepares-unlock-1-billion-dollar-of-xrp/,0,1,0%,10
https://www.gotradehere.com/solana-etf-maybe-launch-next-year/,0,1,0%,10
https://www.gotradehere.com/wp-content/uploads/2023/03/Binance-กับ-Bitkub-ต่างกันอย่างไร-1024x538.jpg.webp,0,1,0%,10
https://www.gotradehere.com/ราคา-bitcoin-พุ่งขึ้น-42000-เหรียญ-หร/,0,1,0%,11
https://www.gotradehere.com/thomas-peterffy-มหาเศรษฐีพันล้านออกม/,0,1,0%,11
https://www.gotradehere.com/what-is-the-stellar-blockchain/,0,1,0%,11
https://www.gotradehere.com/2022/12/page/4/,0,1,0%,12
https://www.gotradehere.com/bitcoin-may-hit-70000-in-october/,0,1,0%,12
https://www.gotradehere.com/sam-altman-is-back/,0,1,0%,12
https://www.gotradehere.com/svb-has-been-officially-sold-to-first-citizens-bank/,0,1,0%,12
https://www.gotradehere.com/wp-content/uploads/2022/12/bitkub-logo-.jpg,0,1,0%,12
https://www.gotradehere.com/2024/07/04/,0,1,0%,14
https://www.gotradehere.com/bitcoin-price-may-hit-68000-dollar/,0,1,0%,14
https://www.gotradehere.com/wayne-vaughan-ซีอีโอของ-tierion-ซื้อคฤหาสน/,0,1,0%,15
https://www.gotradehere.com/wp-content/uploads/2026/01/6-TRADE-STOCK-WHICH-APP-2026-1.webp,0,1,0%,15
https://www.gotradehere.com/wp-content/uploads/2023/05/Fibonacci-Extension-Downtrend-1024x576.png.webp,0,1,0%,17
https://www.gotradehere.com/wp-content/uploads/2023/08/Bearish-Evening-Star.png.webp,0,1,0%,18
https://www.gotradehere.com/wp-content/uploads/2025/03/KS-TRADE-Logo-1024x1024.webp,0,1,0%,18
https://www.gotradehere.com/tag/stock-news/,0,1,0%,19
https://www.gotradehere.com/wp-content/uploads/2024/01/Ultima-Markets-03-1024x348.png.webp,0,1,0%,19
https://www.gotradehere.com/wp-content/uploads/2023/05/RSI-Bullish-Divergence-1024x576.webp,0,1,0%,22
https://www.gotradehere.com/wp-content/uploads/2023/11/kub-coin-1.png.webp,0,1,0%,24
https://www.gotradehere.com/wp-content/uploads/2024/01/Bullish-Flag.png.webp,0,1,0%,25
https://www.gotradehere.com/wp-content/uploads/2023/05/Elliott-Wave-in-an-Uptrend-1-1024x584.png.webp,0,1,0%,27
https://www.gotradehere.com/wp-content/uploads/2023/05/Horizontal-Triangles-1-1024x545.png.webp,0,1,0%,28
https://www.gotradehere.com/wp-content/uploads/2025/11/Markets-Structure-BOS-CHoCH-1024x576.webp,0,1,0%,29
https://www.gotradehere.com/corporate-bonds-newly-in-october-2024/,0,1,0%,52
https://www.gotradehere.com/binance-เผาเหรียญ-bnb-ครั้งที่-16-มูล/,0,1,0%,53
https://www.gotradehere.com/wp-content/uploads/2023/05/Fibonacci-Uptrend-1024x576.png.webp,0,1,0%,56
https://www.gotradehere.com/มาทำความรู้จัก-bitcoin-cash-เหรียญ/,0,1,0%,84
https://www.gotradehere.com/jkn-debentures-defaulted-on-debenture-payments-september-1/,0,1,0%,89