Top queries,Clicks,Impressions,CTR,Position
topstep,187,24196,0.77%,4.56
topstep กองทุน,55,907,6.06%,2.9
traderbobo,54,69,78.26%,1
harmonic pattern,46,1316,3.5%,5.71
สอบกองทุน ftmo,46,818,5.62%,3.62
mitrade ดีไหม pantip,42,429,9.79%,3.47
ftmo ค่าสอบ,38,750,5.07%,5.02
price action 12 แบบ,34,594,5.72%,7.81
fvg forex,32,278,11.51%,4.09
ftmo,31,10318,0.3%,4.26
price action pattern,25,912,2.74%,7.99
กองทุน ftmo,19,571,3.33%,4.41
กองทุน topstep,19,444,4.28%,3.8
buy sell ทอง คือ,19,249,7.63%,2.01
สอบกองทุน forex,18,1089,1.65%,5.21
price action กลับตัว,18,405,4.44%,7.28
สอบกองทุน topstep,18,282,6.38%,2.8
ftmo กฎ,18,192,9.38%,3.68
topstep กฎ,18,110,16.36%,2.85
ftmo คือ,17,1022,1.66%,6.07
ข่าว forex factory ภาษาไทย,17,561,3.03%,4.76
forex factory ภาษาไทย,16,1456,1.1%,4.09
ข่าวกล่องแดง,16,1177,1.36%,5.67
topstep รีวิว,15,123,12.2%,2.59
price action,14,1327,1.06%,11.56
สอบกองทุน,14,870,1.61%,6.14
fvg,13,1177,1.1%,12.86
top step,13,917,1.42%,4.88
mitrade pantip,13,190,6.84%,5.43
the5ers กฎ,13,138,9.42%,3.03
the5ers,12,2096,0.57%,4.36
ftmo กองทุน,12,494,2.43%,4.68
iux ดีไหม,10,1912,0.52%,10.57
qml คือ,10,250,4%,2.77
ข่าว cpi คือ,9,542,1.66%,5.65
fundednext รีวิว,9,147,6.12%,6.1
สอบกองทุน the5ers,9,136,6.62%,3.21
the5ers รีวิว,9,135,6.67%,7.04
the 5%ers รีวิว,9,79,11.39%,3.09
สอบ ftmo,8,316,2.53%,7.81
หุ้น รถไฟฟ้า ev,8,173,4.62%,2.15
topstep คือ,8,132,6.06%,1.98
iux โกง,8,85,9.41%,4.29
topstep กองทุน ราคา,8,72,11.11%,2.25
ftmo challenge คือ,8,70,11.43%,2.59
กองทุน topstep คือ,8,48,16.67%,1.42
iux vs xm,7,3720,0.19%,12.83
utspay,7,979,0.72%,4.26
divergence,7,675,1.04%,7.45
อินดิเคเตอร์ forex,7,610,1.15%,2.1
โบรกเกอร์ forex ไม่มี ค่า swap,7,478,1.46%,5.17
fxpro โกง,7,172,4.07%,6.52
mitrade ถอนเงิน ไม่ได้,7,127,5.51%,3.12
กองทุน ftmo คือ,7,123,5.69%,2.76
กองทุนtopstep,7,100,7%,3.93
ftmo เงื่อนไข,7,90,7.78%,3.09
การสอบกองทุนคืออะไร,7,73,9.59%,3.16
mitrade review,7,40,17.5%,7.88
fvg forex คือ,6,1143,0.52%,6.78
ข่าวกล่องแดงวันนี้,6,877,0.68%,5.86
สอบกองทุน คือ,6,329,1.82%,7.3
qml pattern,6,311,1.93%,5.49
โบรกเกอร์ ฟรี swap,6,300,2%,3.17
สอบกองทุน forex คืออะไร,6,260,2.31%,6.28
forex factory ไทย,6,189,3.17%,3.41
buy sell คือ,6,104,5.77%,1.56
กองทุน the5 ers,6,35,17.14%,3.09
5ers,5,1290,0.39%,4.38
the 5 ers,5,997,0.5%,3.4
fvg คือ,5,929,0.54%,6.93
กองทุน forex,5,439,1.14%,10.08
the5%ers,5,363,1.38%,2.72
ict forex คือ,5,266,1.88%,8.43
ict concept,5,164,3.05%,10.2
สอบกองทุนคืออะไร,5,147,3.4%,3.54
iux โกงไหม,5,128,3.91%,4
doo prime ดีไหม pantip,5,109,4.59%,4.61
โบนัสเทรดฟรี ไม่ต้องฝาก,5,109,4.59%,27.81
กฎ ftmo,5,91,5.49%,3.93
pepperstone ถอนเงิน ไม่ได้,5,77,6.49%,6.79
ศัพท์ forex,5,70,7.14%,9.71
fxpro ถอนเงิน ไม่ได้,5,58,8.62%,6.81
ภาษี forex 2568,5,25,20%,1.68
โบนัส 30 usd ฟรี 2026,5,20,25%,31.35
สอบกองทุน ftmo คือ,5,18,27.78%,1.11
พอร์ตแตกคืออะไร,4,2072,0.19%,8.24
the5%,4,1034,0.39%,3.79
เทรด forex เสียภาษีไหม,4,312,1.28%,9.88
เทรด forex เสียภาษียังไง,4,255,1.57%,6.87
กองทุนftmo,4,207,1.93%,5.52
exness หลอกลวง,4,185,2.16%,5.7
รูปแบบ price action,4,179,2.23%,10.44
mitrade รีวิว pantip,4,126,3.17%,7.35
sell buy คือ,4,113,3.54%,1.65
ถอนเงิน forex ไม่เสียภาษี,4,113,3.54%,6.27
สมัครกองทุน ftmo,4,101,3.96%,4.4
โบรกเกอร์ forex โบนัสฟรี 2026,4,92,4.35%,12.25
eightcap ถอนเงินกี่วัน,4,91,4.4%,5.77
โบนัสเทรดฟรี 2026,4,73,5.48%,14.19
qml pattern คือ,4,57,7.02%,1.74
sell กับ buy ต่างกัน อย่างไร,4,56,7.14%,1.36
โบ รก connext pantip,4,56,7.14%,4.71
iux vs exness,4,37,10.81%,5.62
การสอบกองทุน ftmo,4,36,11.11%,2.53
เทรด กองทุน ftmo,4,19,21.05%,4.63
funding pips รีวิว,4,9,44.44%,13.67
ข่าว forex,3,1237,0.24%,14.41
forex factory เวลาไทย,3,928,0.32%,4.59
the5er,3,751,0.4%,3.55
the 5%,3,473,0.63%,3.54
วิธีดูข่าว forex factory,3,464,0.65%,5.97
harmonic pattern คือ,3,448,0.67%,8.34
broker forex free swap,3,358,0.84%,53.08
fvg ดูยังไง,3,291,1.03%,5.94
fundednext,3,274,1.09%,6.69
โบรกเกอร์ connext,3,236,1.27%,7.49
สมัคร ftmo,3,226,1.33%,4.37
ฝากถอนเร็ว,3,216,1.39%,5.05
broker free swap,3,187,1.6%,55.43
mitrade รีวิว,3,175,1.71%,11.78
mitrade หลอก,3,157,1.91%,6.28
ค่าสอบ ftmo,3,149,2.01%,11.62
divergent forex,3,147,2.04%,7.22
mitrade โบนัส,3,144,2.08%,6.66
ดูข่าว forex factory,3,136,2.21%,3.88
finviz ดู ยัง ไง,3,128,2.34%,6.19
harmonic pattern pdf ไทย,3,123,2.44%,12.04
กองทุน 5%,3,121,2.48%,2.8
สอบกองทุน forex ไหนดี,3,121,2.48%,5.08
buy sell คืออะไร,3,110,2.73%,2.95
สมัครสอบกองทุน ftmo,3,110,2.73%,3.45
โบนัสเทรด,3,107,2.8%,50.05
axi select คือ,3,94,3.19%,8.86
ftmo 1 step คือ,3,93,3.23%,3.71
topstep ราคา,3,89,3.37%,5.22
5ers bootcamp,3,88,3.41%,9.91
หุ้นรถ ev,3,86,3.49%,9.13
หุ้นเกี่ยวกับรถไฟฟ้า,3,84,3.57%,5.51
โบรกเกอร์ connext pantip,3,79,3.8%,4.3
หุ้นรถไฟฟ้าในไทย,3,75,4%,5.31
ftmo ราคา,3,71,4.23%,5.2
exness vs iux,3,70,4.29%,8.69
โบนัสเทรดฟรี,3,70,4.29%,38.73
axi select รีวิว,3,69,4.35%,5.17
mitrade โกงไหม,3,68,4.41%,3.76
โบนัสเทรดฟรี ถอนได้ ไม่ต้องฝาก 2569,3,62,4.84%,19.85
rebate forex,3,61,4.92%,13.67
กองทุนเทรด forex,3,60,5%,6.67
buy sell หุ้น คือ,3,59,5.08%,2.07
topstep funded,3,59,5.08%,2.69
หุ้นรถไฟฟ้า,3,57,5.26%,5.26
โบรกเกอร์ เทรดทอง pantip,3,50,6%,6.5
fvg meaning,3,45,6.67%,6.2
pepperstone ดีไหม pantip,3,44,6.82%,4.57
ict concept pdf ไทย,3,42,7.14%,12.5
mitrade โกง,3,38,7.89%,4.74
โบรกเกอร์ forex free swap,3,35,8.57%,10.31
อินดิเคเตอร์ที่แม่นที่สุด,3,29,10.34%,4.66
fbs ดีไหม pantip 2568,3,28,10.71%,1.82
ftmo สอบกองทุน,3,20,15%,3.3
forex finviz,2,1234,0.16%,7.83
เทรดทอง forex,2,948,0.21%,19.77
5%er,2,706,0.28%,4.43
mitrade ดีไหม,2,704,0.28%,10.53
gold spot คือ,2,606,0.33%,8.08
พอร์ตแตกคือ,2,380,0.53%,7.29
price action คือ,2,349,0.57%,25.12
iux,2,295,0.68%,25.88
ข่าวกล่องแดง forex,2,288,0.69%,8.35
hfm ดีไหม,2,285,0.7%,14.19
iux รีวิว,2,271,0.74%,9.35
forex free swap,2,265,0.75%,49.66
the 5%ers,2,248,0.81%,4.09
divergence คือ,2,204,0.98%,13.87
ftmo challenge,2,194,1.03%,8.1
the 5,2,190,1.05%,6.02
ข่าว กล่อง แดง forex วันนี้,2,188,1.06%,5.74
indicator forex บอกจุดเข้า,2,176,1.14%,4.34
mitrade หลอก ไหม,2,174,1.15%,6.28
qml,2,171,1.17%,7.77
โบรก connext,2,166,1.2%,5.8
the 5ers,2,165,1.21%,5.87
ftmo คืออะไร,2,162,1.23%,7.41
the5%er,2,159,1.26%,2.77
hantec markets ดีไหม,2,137,1.46%,7.68
connext โบรกเกอร์,2,133,1.5%,7.2
fxcm ดีไหม,2,130,1.54%,11.45
axi กองทุน,2,127,1.57%,7.24
ftmo รีวิว,2,119,1.68%,10.8
เทรดทองโบรกไหนดี,2,108,1.85%,18.19
โบรกเกอร์ iux ดีไหม,2,105,1.9%,5.9
finviz ค่า เงิน,2,102,1.96%,7.03
โบนัสเทรดฟรี 50,2,97,2.06%,24.3
pa กลับตัว,2,94,2.13%,9.47
สมัครสอบกองทุน forex,2,88,2.27%,5.78
iux market ดีไหม pantip,2,88,2.27%,12.62
โบนัส forex,2,85,2.35%,23.75
mitrade ถอนเงิน,2,84,2.38%,8.19
ดูข่าว forex,2,79,2.53%,14.58
forex indicator,2,76,2.63%,9.09
xm vs iux,2,74,2.7%,13.31
rebate forex คือ,2,73,2.74%,4
โบนัสเทรดฟรี 100,2,70,2.86%,26.44
เทรดกองทุน,2,68,2.94%,2.46
free swap broker,2,68,2.94%,6.9
iux สเปรดเท่าไหร่,2,66,3.03%,2.3
โบรก iux ดีไหม,2,62,3.23%,4.98
หุ้น ev,2,60,3.33%,1.88
trustfinance,2,60,3.33%,10.88
เทรดกองทุน ftmo,2,58,3.45%,2.71
กองทุนforex,2,57,3.51%,5.11
vantage fx ดีไหม pantip,2,55,3.64%,6.85
exness โกงไหม,2,54,3.7%,3.74
หุ้นรถev,2,53,3.77%,6.64
อิน ดิ เค เตอร์ ที่ แม่น ที่สุด,2,51,3.92%,5.31
เทรดกองทุนคืออะไร,2,50,4%,2.82
vantage ถอนเงิน นานไหม,2,50,4%,4.9
ค่าสเปรด iux,2,47,4.26%,2.66
ใบอนุญาต forex,2,44,4.55%,13.27
สอบกองทุน คืออะไร,2,42,4.76%,4.38
iux น่าเชื่อถือไหม,2,40,5%,5.55
sell ทอง คือ,2,38,5.26%,3.11
buy sell forex คือ,2,36,5.56%,5.67
harmonic pattern forex,2,36,5.56%,12.83
price action ขั้นสูง pdf,2,35,5.71%,17.14
buy กับ sell ต่าง กัน อย่างไร,2,34,5.88%,1.24
hfm โกง,2,31,6.45%,5.1
ftmo สอบ,2,27,7.41%,2.74
sell หุ้น คือ,2,22,9.09%,2.09
โบนัสเทรดฟรี ถอนได้ ไม่ต้องฝาก 2026,2,22,9.09%,21.5
mitrade ถอนเงิน pantip,2,20,10%,2.05
bootcamp 5ers,2,20,10%,2.4
ระบบ smc forex,2,20,10%,6.95
คํา ศัพท์ เทรด forex,2,16,12.5%,5.31
market structure forex,2,16,12.5%,12.81
โบรก exness ดีไหม,2,15,13.33%,2.73
mitrade bonus,2,15,13.33%,8.53
หนังสือ forex pdf ฟรี,2,15,13.33%,13.73
โบรกเกอร์ แจกโบนัส 2026 ไม่ต้องฝาก,2,13,15.38%,14.46
โบรกแจกโบนัสเทรดฟรี,2,12,16.67%,10.33
ict killzones,2,12,16.67%,23.75
indicator forex ที่ แม่น ยํา ที่สุด มือ ถือ,2,10,20%,2.6
ขา sell คือ,2,4,50%,2.5
top-step,2,2,100%,2
forex licence,2,2,100%,4
indicator แปลว่า,1,1431,0.07%,7.26
โบรกเกอร์ forex,1,1424,0.07%,42.13
ฟอเร็กซ์ แฟคตอรี่,1,1180,0.08%,6.15
xuausd,1,910,0.11%,6.43
free float คือ,1,863,0.12%,6.9
โบรกเกอร์ forex โบนัสฟรี,1,763,0.13%,28.15
ตะกร้าค่าเงิน,1,667,0.15%,8.89
ข่าวforex,1,589,0.17%,8.72
forex โบรกไหนดี,1,488,0.2%,38.75
โบรกเกอร์ exness,1,486,0.21%,30.73
ข่าวฟอเร็กซ์,1,475,0.21%,16.24
fxgt,1,402,0.25%,15.52
iux market,1,391,0.26%,23.01
tickmill ดีไหม,1,369,0.27%,11.79
the5 ers,1,359,0.28%,2.73
mitrade คือ,1,351,0.28%,7.12
การซื้อขายทองคำฟอเร็กซ์,1,328,0.3%,25.96
ข่าวกล่องแดง forex วันนี้,1,324,0.31%,6.39
mitrade,1,318,0.31%,8.86
8cap ถอนเงิน,1,304,0.33%,8.13
mos คือ,1,291,0.34%,5.55
กล่องข่าว forex,1,250,0.4%,9.77
trader,1,235,0.43%,5.46
fxgt โบนัส,1,231,0.43%,15.43
axi select,1,221,0.45%,9.56
รูปแบบแท่งเทียน price action,1,216,0.46%,12.28
doo prime ดีไหม,1,199,0.5%,12.26
pending order คือ,1,185,0.54%,7.4
swap forex คือ,1,175,0.57%,18.91
เทรด forex โบรกไหนดี 2568,1,174,0.57%,2.99
5 ers,1,173,0.58%,3.1
smc forex,1,172,0.58%,12.29
แท่งเทียน,1,152,0.66%,61.78
fxpro รีวิว,1,139,0.72%,5.73
บัญชี xm ultra low ดีไหม,1,133,0.75%,10.41
axi select กองทุน,1,131,0.76%,7.56
fvg คืออะไร,1,128,0.78%,6.43
tmgm รีวิว,1,128,0.78%,23.25
qm pattern คือ,1,127,0.79%,7.02
ค่าสมัครสอบ ftmo,1,125,0.8%,11.85
แท่ง เทียน price action 12 แบบ,1,121,0.83%,12.26
the 5 er,1,120,0.83%,3.9
mitrade ฝากขั้นต่ํา,1,120,0.83%,4.97
connext,1,120,0.83%,20.38
oscillator indicator คือ,1,116,0.86%,7.59
smc เทรด,1,109,0.92%,12.78
forex broker free swap,1,109,0.92%,63.34
vt market หลอกลวง ไหม,1,104,0.96%,7.75
ict killzone,1,104,0.96%,12.65
ค่า swap คิดยังไง,1,103,0.97%,4.58
หุ้นรถยนต์ไฟฟ้า,1,101,0.99%,8.61
ea คือ,1,100,1%,53.34
รูปแบบ pa,1,99,1.01%,7.29
dooprime ดีไหม,1,99,1.01%,8.93
over trade คือ,1,98,1.02%,11.42
โบรกเกอร์ iux,1,98,1.02%,19.63
qml forex คือ,1,97,1.03%,3.37
หุ้น ปันผล สูง ตลอดกาล,1,94,1.06%,7.01
ตรวจสอบโบรกเกอร์ forex,1,94,1.06%,13.22
กองทุน fundednext,1,93,1.08%,5.89
สอบกองทุน forex คือ,1,91,1.1%,8.32
เทรดออปชั่น คือ,1,91,1.1%,12.09
โบนัสฟรี forex,1,91,1.1%,22.64
สมัครสอบ ftmo,1,90,1.11%,7.53
hantec markets รีวิว,1,89,1.12%,9.72
ตั้งค่า macd เทรดสั้น,1,88,1.14%,7.48
ftmo certificate,1,87,1.15%,1.52
กองทุน forex ไหนดี,1,87,1.15%,3.6
ebc โบรกเกอร์,1,86,1.16%,8.71
5% er,1,84,1.19%,3.77
สอบพอร์ตกองทุน,1,81,1.23%,4.35
liteforex,1,81,1.23%,9
โบรกเกอร์ free swap,1,80,1.25%,3.66
อินดิเคเตอร์ เทรดทอง,1,76,1.32%,12.21
finviz ค่าเงิน,1,72,1.39%,7.26
connextfx ดีไหม,1,72,1.39%,7.9
ea forex,1,69,1.45%,47.81
โบรกเกอร์ connext ดีไหม,1,66,1.52%,5.12
free swap,1,66,1.52%,7.64
pa pattern,1,66,1.52%,7.74
โบรกเกอร์แจกโบนัสฟรี,1,66,1.52%,17.05
fvg เทรด คือ,1,61,1.64%,7.07
harmonic pattern pdf,1,61,1.64%,10.54
พายแอคชั่น,1,59,1.69%,6.39
เทรด ทอง sell คือ,1,56,1.79%,4.27
forex factory คือ,1,56,1.79%,5.38
swing trade,1,55,1.82%,25.75
sl/tp คือ,1,54,1.85%,11.09
คำศัพท์ forex,1,53,1.89%,8.32
trend following คือ,1,53,1.89%,18.51
แจกเครดิตเทรดฟรี,1,53,1.89%,30.74
iux market โกงไหม,1,52,1.92%,3.63
forex เสียภาษีไหม,1,52,1.92%,7.27
myfxbook,1,52,1.92%,18.62
iux forex,1,51,1.96%,18.35
fvg trading,1,50,2%,20.66
กองทุน the5%ers,1,48,2.08%,3
สอบกองทุนคือ,1,48,2.08%,4.04
ค่า swap คิด ยัง ไง,1,48,2.08%,4.15
pepperstone โกง,1,48,2.08%,11.08
สอบกองทุน ftmo pantip,1,47,2.13%,3.7
สอบเทรดกองทุน,1,47,2.13%,4.81
iux spread ทอง,1,46,2.17%,3.37
สอบกองทุน forex pantip,1,45,2.22%,16.47
สอบกองทุนftmo,1,44,2.27%,4.07
mitrade เชื่อถือได้ไหม,1,44,2.27%,4.66
bb indicator,1,44,2.27%,7.39
vantage ถอนเงิน,1,44,2.27%,10.27
the5ers bootcamp,1,43,2.33%,6.67
กองทุนรวมธนาคารไหนดี,1,42,2.38%,21.02
d prime ดีไหม,1,41,2.44%,9.56
fbs หลอกลวง,1,40,2.5%,2.5
รูปแบบpa,1,40,2.5%,6.97
สอบกองทุนไหนดี,1,39,2.56%,2.92
ichimoku cloud คือ,1,39,2.56%,6.95
macd indicator,1,39,2.56%,20.51
สอบกองทุนเทรด,1,37,2.7%,2.49
โครงสร้างราคา forex,1,36,2.78%,5.56
overtrade คืออะไร,1,36,2.78%,11.5
ใคร เทรด forex เก่ง ที่สุดในไทย,1,35,2.86%,5.29
exness โกง pantip,1,35,2.86%,7.51
eightcap ถอนเงิน กี่ วัน,1,35,2.86%,7.8
candlestick pattern คือ,1,34,2.94%,12.29
กองทุนรวม ธนาคารไหนดี,1,34,2.94%,17.47
sell คือ,1,33,3.03%,3.64
pa forex,1,33,3.03%,12
โบนัสเทรดฟรี ถอนได้ ไม่ต้องฝาก 2566,1,33,3.03%,22.33
เทรดเสียภาษียังไง,1,32,3.12%,7.47
axi รีวิว,1,32,3.12%,20.38
rsi indicator คือ,1,31,3.23%,7.13
sell buy forex คือ,1,31,3.23%,7.19
stochastic indicator,1,31,3.23%,10.42
mitrade หลอกลวง ไหม,1,30,3.33%,6.23
ict concepts,1,30,3.33%,9.17
iux ดีมั้ย,1,29,3.45%,5.9
โบรก vt market ดีไหม,1,29,3.45%,7.28
axiselect,1,27,3.7%,7.78
fxcm รีวิว,1,26,3.85%,11.27
forex correlation,1,26,3.85%,25.08
รีวิวโบรกเกอร์,1,26,3.85%,53.81
exness ข้อเสีย,1,25,4%,4.12
พอตกองทุน forex,1,25,4%,5.08
เทรดforex เสียภาษีไหม,1,25,4%,9
การสอบกองทุน,1,24,4.17%,3.92
bootcamp the5ers,1,24,4.17%,4.75
ปฏิทินข่าว forex วันนี้,1,23,4.35%,25.7
เทคนิค smc,1,22,4.55%,4.55
kill zone forex,1,22,4.55%,7.82
connext โบรกเกอร์ รีวิว,1,21,4.76%,3.29
topstep เงื่อนไข,1,21,4.76%,4.48
เทคนิคอล,1,21,4.76%,5.29
fundednext ดีไหม,1,21,4.76%,6.1
โบนัสต้อนรับ forex,1,21,4.76%,28
ftmo ค่า สอบ,1,20,5%,1.6
เทรด gold spot โบ รก ไหนดี,1,20,5%,6.85
cpi คืออะไร,1,20,5%,21.4
mitrade โบนัสฟรี,1,19,5.26%,7.79
iux pantip,1,19,5.26%,7.95
fomc press conference คือ,1,18,5.56%,1.06
หุ้นรถไฟฟ้า มีอะไรบ้าง,1,18,5.56%,2.11
sell กับ buy forex คือ,1,18,5.56%,2.28
หุ้น ev ต่างประเทศ,1,18,5.56%,3.89
the next pivot indicator,1,18,5.56%,4.56
qm pattern มีกี่แบบ,1,18,5.56%,7.67
สอบกองทุน axi,1,17,5.88%,8.76
ichimoku,1,17,5.88%,12.76
โบนัสไม่ต้องฝากเงิน,1,17,5.88%,36.94
vantage โกง ไหม,1,16,6.25%,3.44
ระบบเทรด smc,1,16,6.25%,4.69
เทรดทองฟอเร็กซ์,1,16,6.25%,6.75
connext trade,1,16,6.25%,6.88
5% fund,1,15,6.67%,3.33
mi trade,1,15,6.67%,7.73
iux ดีไหม pantip,1,14,7.14%,3.36
fvg pattern,1,14,7.14%,4.93
iux market โกง ไหม,1,13,7.69%,2.77
รูป แบบ price action,1,13,7.69%,12.85
กองทุน ธนาคารไหนดี,1,13,7.69%,25.77
xm รีวิว,1,13,7.69%,59
killzone forex,1,12,8.33%,3.08
the5er high stake,1,12,8.33%,3.25
ftmo swing,1,12,8.33%,6.92
the5 er,1,11,9.09%,2.55
การเทรดทองคํา forex,1,11,9.09%,4.18
เช็ค โบรกเกอร์ forex,1,11,9.09%,4.27
topstep review,1,11,9.09%,6.73
คู่มือการเทรด forex เป็นอาชีพ pdf,1,11,9.09%,8.91
exness โกง กราฟ,1,11,9.09%,10
โบนัสเทรดฟรี ถอนได้ ไม่ต้องฝาก ล่าสุด,1,11,9.09%,22.91
ตั้งค่า macd 2 เส้น mt5,1,10,10%,2.2
market structure คือ,1,10,10%,9.7
average true range คือ,1,9,11.11%,1
mitrade ปลอดภัย ไหม,1,9,11.11%,1
เทรดเดอร์คืออะไร,1,9,11.11%,1
แอพ mitrade ดีไหม,1,9,11.11%,3
doo prime ถอนเงิน,1,9,11.11%,8.11
ค่า rsi บอกอะไร,1,8,12.5%,1
reckitt durex,1,8,12.5%,7.88
qm zone,1,8,12.5%,9
iux ปลอดภัยไหม,1,7,14.29%,3.71
hfm pantip,1,7,14.29%,5.57
the 5 ers bootcamp,1,7,14.29%,6.14
ic market ถอนเงิน ไม่ เข้า,1,6,16.67%,1
กองทุนรวม ธนาคารไหนดี 2567,1,6,16.67%,6
funding pips กฎ,1,6,16.67%,7.83
vantage ถอนเงิน ไม่ได้,1,6,16.67%,9
สัญญาณ divergence,1,6,16.67%,11.5
โบรกแจกโบนัสฟรี,1,6,16.67%,14.17
ค่าสมัครเท่าไหร่,1,5,20%,3.4
the5ers bootcamp rules,1,5,20%,4.4
การเทรดทอง forex,1,5,20%,4.4
fundingpips zero,1,5,20%,7.4
ftmo standard,1,5,20%,7.6
hfm บัญชีไหนดี,1,5,20%,8.8
trader bo,1,5,20%,9.6
ict concept trading,1,5,20%,10.2
1:3000,1,5,20%,10.4
ตลาดทองคําลอนดอนเปิดกี่โมง,1,4,25%,1
สอบพอร์ตกองทุน forex,1,4,25%,2
bootcamp the 5ers,1,4,25%,2.25
bootcamp forex,1,4,25%,4.5
top step funded trader,1,4,25%,4.75
land-fx,1,4,25%,5.5
สรุป ศาสตร์แห่งแท่งเทียน pdf ฟรี,1,4,25%,38.25
forex ebook,1,4,25%,44.5
futures topstep,1,3,33.33%,3.67
หุ้น รถไฟฟ้า,1,3,33.33%,4
ftmo thailand,1,3,33.33%,8
vantage,1,3,33.33%,9
hantec review,1,3,33.33%,10
reversal price action,1,3,33.33%,10.67
fxprimus,1,3,33.33%,22.67
รีวิวโบรกเกอร์ exness,1,3,33.33%,30.33
welcome bonus forex 30,1,3,33.33%,48.33
กองทุน future,1,2,50%,1
ค่า leverage คือ,1,2,50%,1
5 % er,1,2,50%,2.5
5ers 3 step bootcamp,1,2,50%,2.5
the 5 ers high stakes,1,2,50%,2.5
ค่าสอบ,1,2,50%,3.5
โบรกเกอร์ forex hfm,1,2,50%,5.5
xm,1,2,50%,7
เทรด forex ภาษี,1,2,50%,8.5
broker forex bonus deposit,1,2,50%,9
hantec bonus,1,2,50%,14.5
มีภาษาไทยไหม,1,1,100%,1
buy and sell in forex,1,1,100%,2
pepperstone โบนัส,1,1,100%,3
freeswap,1,1,100%,6
fxprimus review,1,1,100%,6
the5ers 20k bootcamp,1,1,100%,6
แหล่งเรียนรู้,1,1,100%,7
ev primus co. ltd,1,1,100%,8
ftmo leverage,1,1,100%,10
แจกเหรียญ airdrop ฟรี,1,1,100%,17
goc prime โกง ไหม,1,1,100%,19
โบรกโบนัสฟรี,1,1,100%,26
หนังสือ smart money concept,1,1,100%,29
หนังสือ trend following,1,1,100%,78
finviz forex,0,3550,0%,8.79
ฟอเร็กแฟคตอรี่,0,2183,0%,6.37
unemployment claims,0,1503,0%,7.04
unemployment claims คือ,0,1228,0%,9.69
exness ดีไหม,0,1191,0%,18.5
เทรด forex โบรกไหนดี,0,1062,0%,29.78
exness รีวิว,0,969,0%,10.94
smc คือ,0,868,0%,7.27
เทรด cfd,0,830,0%,62.96
cfd คือ,0,780,0%,63.11
รีวิวโบรกเกอร์ forex,0,754,0%,38.79
float คือ,0,705,0%,3.99
ตลาดทองเปิดกี่โมง xauusd เวลาไทย,0,697,0%,16.14
ปฏิทินข่าว forex,0,674,0%,21.32
โบรกเกอร์ exness ดี ไหม,0,637,0%,4.67
โบรกเกอร์ iux รีวิว,0,634,0%,14.46
gold spot คืออะไร,0,629,0%,12.05
โบรกเกอร์ฟอเร็กซ์,0,605,0%,52.4
แนะนําโบรกเกอร์ forex,0,602,0%,31.5
esg,0,564,0%,64.27
โบรกเกอร์ forex ในไทย,0,563,0%,36.8
เหรียญ meme,0,561,0%,15.85
cash rebate คือ,0,542,0%,6.87
เทรดทอง,0,534,0%,53.81
exness ดี ไหม,0,521,0%,3.63
ตลาดทองปิดกี่โมง,0,518,0%,29.73
เปรียบเทียบโบรกเกอร์ forex,0,504,0%,38.16
โบรกเกอร์ forex ที่ดีที่สุด,0,491,0%,42.37
fxpro ดีไหม,0,465,0%,13.71
ตลาดทองเปิดกี่โมง forex,0,456,0%,24.8
xm ดีไหม,0,450,0%,54.73
เทรด option คืออะไร,0,446,0%,16.9
5%ers,0,440,0%,4.31
ตลาดทองเปิดกี่โมง,0,439,0%,31.5
exness pantip,0,432,0%,17.11
fundingpips,0,422,0%,5.47
รีวิว exness,0,418,0%,29.54
esg คือ,0,416,0%,73.75
เทรดออฟชั่น,0,412,0%,23.26
โบรกเกอร์เทรด forex,0,412,0%,52.83
หุ้น ai มีอะไรบ้าง,0,405,0%,4.83
แพทเทิร์นกราฟ,0,405,0%,6.99
indicator คือ,0,403,0%,7.72
โบรกเกอร์ forex สเปรดต่ำ,0,403,0%,21.41
รูปแบบกราฟ,0,401,0%,2.5
โบรกเกอร์ forex ที่ได้รับความนิยม,0,379,0%,56.65
ปฏิทินข่าว forex factory,0,376,0%,12.43
การซื้อขายสินค้าโภคภัณฑ์,0,370,0%,75.15
โบรกเกอร์ forex รีวิว,0,369,0%,46.22
เทรดทองคำสกุลเงิน usd,0,360,0%,66.49
gmi ดีไหม,0,358,0%,22.19
เหรียญ meme คือ,0,357,0%,16.82
ข่าว forex factory,0,356,0%,16.2
overtrade คือ,0,355,0%,9.41
โบรกเกอร์ฟอเร็กซ์ที่อยู่ภายใต้การกำกับดูแล,0,353,0%,64.72
eightcap ดีไหม,0,352,0%,12.92
โบรกเกอร์ forex ไหนดี,0,350,0%,44.27
โบรกเกอร์ forex ที่ดีที่สุดในไทย,0,343,0%,36.32
ฟอเร็กซ์แฟคตอรี่,0,342,0%,6.54
ตลาด forex เปิดกี่โมง,0,340,0%,27.33
hfm,0,337,0%,30.54
เทรดออฟชั่น คือ,0,331,0%,18.66
เทรด option คือ,0,330,0%,19.12
โบรกเกอร์ swap free ที่ดีที่สุดในไทย,0,327,0%,5.65
เทรด forex,0,327,0%,64.3
สัญญาณ forex,0,322,0%,24.78
โบรกเกอร์ forex ที่น่าเชื่อถือ,0,320,0%,32.5
การ เทรด cfd,0,318,0%,60.67
fbs ดีไหม,0,315,0%,22.84
forex signal แม่นๆ,0,310,0%,16.15
กองทุนรวมที่น่าสนใจ,0,305,0%,66.8
กลยุทธ์การเทรด,0,304,0%,19.08
gmi รีวิว,0,300,0%,22.27
โบรกเทรด forex,0,296,0%,52.84
pepperstone ดีไหม,0,293,0%,32.16
บัญชี forex,0,293,0%,59.71
เหรียญ meme น่าสนใจ,0,291,0%,20.22
cfd,0,289,0%,80
เลเวอเรจ คือ,0,286,0%,39.93
เทรดเดอร์,0,284,0%,26.51
fair value gap คือ,0,283,0%,8.82
เทรดน้ำมัน,0,281,0%,46.09
ค่า swap คือ,0,280,0%,18.7
forex rebate,0,280,0%,19.76
indicator แนวรับแนวต้าน,0,279,0%,10.91
5er,0,277,0%,5.07
1 lot เท่ากับกี่บาท,0,276,0%,34.12
lot คือ,0,276,0%,37.59
โบรกconnext,0,274,0%,11.69
iux market รีวิว,0,272,0%,16.3
cfd trading คือ,0,272,0%,52.24
การคัดลอกการซื้อขายฟอเร็กซ์,0,271,0%,37.15
cpi คือ,0,270,0%,33.59
myfxbook คือ,0,269,0%,10.21
เทรด ทอง forex,0,266,0%,20.35
สัญญาณเทรด,0,265,0%,22.01
เวลาตลาด forex,0,264,0%,26.19
indicator forex,0,263,0%,18.82
fibonacci คือ,0,263,0%,41.84
iux market ดีไหม,0,261,0%,16.04
เหรียญมีม,0,261,0%,26.64
เทรดoption คือ,0,259,0%,18.76
trade option คือ,0,259,0%,21.39
forexfac,0,257,0%,6.9
หุ้น ปันผล สูง 2567,0,257,0%,41.4
copy trading,0,256,0%,61.54
bullish คือ,0,254,0%,4.72
swing trade คือ,0,253,0%,28.23
เทรด option,0,250,0%,14.94
stochastic คือ,0,248,0%,12.81
โบรกเกอร์ forex ที่ ฟรี ค่า swap,0,246,0%,3.7
สินค้าโภคภัณฑ์ คือ,0,246,0%,40.41
cfd คืออะไร,0,246,0%,58.35
การเทรด option,0,245,0%,25.34
เทรดทองด้วยเงิน usd,0,243,0%,58.26
โบรกเกอร์ซื้อขายฟอเร็กซ์,0,243,0%,63.07
แนวรับ แนวต้าน,0,242,0%,34.21
โบรกเกอร์ forex โบนัสฟรี 2024,0,240,0%,23.64
parabolic sar คือ,0,239,0%,14.62
ic markets ดีไหม,0,234,0%,23.92
กราฟแท่งเทียน,0,234,0%,51.39
รูปแบบกราฟแท่งเทียน,0,233,0%,47.65
mitrade ได้เงินจริงไหม,0,232,0%,9.28
eps growth คือ,0,232,0%,9.85
เทรดเดอร์ฟอเร็กซ์ที่เก่งที่สุดในโลก,0,232,0%,21.58
sl ย่อมาจากอะไร,0,231,0%,11.87
sl คือ,0,230,0%,16.69
โบรกเกอร์ cfd,0,230,0%,68.19
เทรด ออฟชั่น คือ,0,228,0%,19.48
forex คืออะไร,0,228,0%,56.89
smc forex คือ,0,227,0%,10.59
macd คือ,0,227,0%,16.54
โบรกเกอร์ฟอเร็กซ์ที่มีสเปรดต่ำ,0,227,0%,21.74
โบรกเกอร์ ฟ อ เร็ ก ซ์,0,227,0%,52.38
buy-sell,0,227,0%,61.21
โบรกเกอร์ เทรด forex,0,226,0%,49.16
gmi market,0,223,0%,32.07
rsi คือ,0,222,0%,18.88
เหรียญคริปโตที่น่าลงทุนระยะยาว,0,222,0%,24.86
eightcap ถอนเงิน,0,221,0%,7.04
xauusd คือ,0,221,0%,33.68
no swap forex broker,0,221,0%,56.44
เทรดoption,0,219,0%,17.11
buy/sell,0,219,0%,60.37
fxgt รีวิว,0,218,0%,17.48
การซื้อขาย cfd,0,218,0%,71.04
โบนัส เทรด ฟรี ถอนได้ ไม่ต้องฝาก 2567,0,217,0%,26.73
เทรดทองด้วยเงินดอลลาร์,0,217,0%,60.66
บัญชีเทรด forex,0,217,0%,64.94
โบรกเกอร์ forex ถอนเงิน เร็ว,0,214,0%,2.28
rebate คือ,0,214,0%,3.3
trade option คืออะไร,0,214,0%,20.39
โบนัสเงินฝาก,0,214,0%,47.02
ตลาด xauusd เปิดกี่โมง,0,213,0%,20.9
ทองคำในตลาดฟอเร็กซ์,0,213,0%,22.16
โบรกเกอร์เทรดทอง,0,212,0%,25.64
ไซเว,0,211,0%,7.27
the 5er,0,210,0%,3.02
เทคนิคอล คือ,0,210,0%,12.39
ข่าว forex วันนี้,0,204,0%,16.36
pattern forex,0,204,0%,20.33
สอนเทรดทอง forex,0,201,0%,15.39
สัญญาณเทรด forex,0,199,0%,19.33
เทรด gold spot โบรกไหนดี,0,198,0%,11.66
ใบอนุญาต hfm,0,198,0%,18.03
meme coin คือ,0,197,0%,9.66
สัญญาณ forex แม่นๆ,0,197,0%,21.32
โบนัส เทรด ฟรี ถอนได้ ไม่ต้องฝาก 2566,0,197,0%,25.58
cfd forex คือ,0,196,0%,48.84
นายหน้า cfd,0,196,0%,71.57
ตะกร้าเงิน forex,0,194,0%,9.89
divergence pattern,0,194,0%,11.81
การเทรด option คือ,0,194,0%,19.28
cashback forex,0,194,0%,19.72
ตัวชี้วัด mt4 ที่ดีที่สุด,0,193,0%,26.18
รีวิว xm,0,193,0%,55.82
fxpro ถอนเงิน,0,192,0%,3.42
no swap broker,0,192,0%,65.04
โบรกเกอร์ที่ดีที่สุดสำหรับฟอเร็กซ์,0,191,0%,41.46
เลเวอเรจ,0,191,0%,51.74
xauusd เปิดกี่โมง,0,190,0%,11.55
lot คืออะไร,0,190,0%,34.95
รีวิว iux,0,189,0%,16
cfd trading,0,189,0%,70.92
spdr gold shares คือ,0,188,0%,11.15
หุ้น cfd คือ,0,188,0%,59.14
finviz,0,187,0%,7.25
เทรด ออฟชั่น,0,187,0%,24
cfd คือ อะไร,0,185,0%,60.19
เวลา ict คือ,0,183,0%,11.02
tmgm ดีไหม,0,183,0%,22.1
xtb ดีไหม,0,183,0%,26.08
การซื้อขายแบบสวิง,0,183,0%,31.71
สินค้าโภคภัณฑ์ ลงทุน,0,183,0%,44.73
indicator คืออะไร,0,182,0%,8.79
the5,0,182,0%,8.85
ภาษี forex,0,182,0%,8.93
option trade คือ,0,182,0%,21.94
indicator forex ที่แม่นยําที่สุด มือถือ,0,181,0%,5.29
การวิเคราะห์ข่าว forex factory,0,181,0%,9.75
leverage forex คือ,0,181,0%,33.06
สเปรดใน forex,0,181,0%,46.13
ict time คือ,0,180,0%,6
ict เวลา,0,180,0%,8.88
tp sl คือ,0,180,0%,10.19
5 er,0,179,0%,3.64
mt4 เทียบกับ mt5,0,179,0%,27.88
เทคนิค forex,0,178,0%,12.41
spread forex คือ อะไร,0,178,0%,37.69
qm forex คือ,0,177,0%,7.73
โบรกเกอร์ที่ดีที่สุดสำหรับการซื้อขาย,0,177,0%,57.27
การคัดลอกเทรดคืออะไร,0,176,0%,43.27
บทวิเคราะห์ forex,0,174,0%,29.93
โบรกเกอร์ forex สเปรดต่ํา,0,173,0%,41.72
การเทรด cfd,0,171,0%,61.11
spread คือ,0,171,0%,61.94
โบนัสเทรดฟรี50,0,170,0%,27.24
rsi,0,169,0%,24.53
บทวิจารณ์โบรกเกอร์ forex,0,169,0%,37.27
รูปแบบแท่งเทียน,0,169,0%,49.63
signal forex แม่นๆ,0,168,0%,18.46
การลงทุน cfd,0,167,0%,59.43
divergence forex,0,166,0%,7.28
forex factory ข่าว,0,166,0%,11.55
เทรดเดอร์ที่เก่งที่สุดในโลก,0,166,0%,19.72
berkshire hathaway ถือหุ้นอะไรบ้าง 2024,0,166,0%,41.75
ฟอเร็กซ์ แฟคทอรี่,0,165,0%,8.41
"เทรด forex ให้ได้วันละ 1,000 บาท",0,165,0%,10.94
โบนัสเทรดฟรี 2024,0,165,0%,20.62
การ เทรด น้ำมัน,0,165,0%,41.46
tpคืออะไร,0,164,0%,15.74
cfd .คืออะไร,0,163,0%,58.77
vantage ดีไหม,0,162,0%,12.74
แนวรับและแนวต้าน,0,161,0%,40.04
smart contract คือ,0,161,0%,49.75
market execution คือ,0,160,0%,7.58
พอร์ตแตก คือ,0,160,0%,9.56
fxcm,0,160,0%,27.81
ค่าสเปรด แต่ละโบรก,0,159,0%,9.82
เทรด forex ให้ได้วันละ 1000 บาท,0,159,0%,12.55
slippage forex คือ,0,159,0%,21.64
mt4 vs mt5,0,159,0%,27.57
pattern forex ทั้งหมด,0,158,0%,19.89
option trading คือ,0,158,0%,22.52
ทอง forex,0,158,0%,50.12
stochastic oscillator คือ,0,156,0%,12.97
sto indicator คือ,0,156,0%,13.46
ตลาดปิดกี่โมง,0,155,0%,12.48
แพทเทิร์น forex,0,155,0%,17.86
โบรกเกอร์ ฟ อ เร็ ก ซ์ ที่ ดี ที่สุด,0,155,0%,36.5
cfd broker,0,155,0%,70.75
tickmill รีวิว,0,154,0%,17.8
doo prime,0,154,0%,24.04
connext broker,0,153,0%,11.67
ฟอเร็กซ์โบรกเกอร์,0,153,0%,58.99
"""doo prime"" ""xauusd"" ""swap long""",0,151,0%,9.25
เลเวอเรจ สําหรับมือใหม่,0,151,0%,39.99
convergence divergence คือ,0,150,0%,5.99
ฟอเร็กซ์เฟคตอรี่,0,150,0%,7.06
ftmo demo,0,150,0%,7.96
หุ้นปันผล 10 อันดับ,0,150,0%,51.81
สอบกองทุน forex ฟรี,0,149,0%,4.91
การ เทรด ทอง forex,0,149,0%,19.49
เลเวอเรจ 1:1000,0,149,0%,28.64
วิเคราะห์หุ้น forex,0,149,0%,38.25
เหรียญมีม มีอะไรบ้าง,0,148,0%,23.97
land fx,0,147,0%,14.54
xauusd คืออะไร,0,147,0%,25.67
เทรด cpi คืออะไร,0,146,0%,8.58
แพลตฟอร์มเทรดน้ำมัน,0,146,0%,31.27
เทรดเลเวอเรจ,0,146,0%,41.51
บัญชีเทรด cfd,0,146,0%,70.49
โบรกเกอร์ ไม่มี swap,0,145,0%,1.76
ค่าสเปรด xm,0,144,0%,5.4
ฟอเร็กซ์แฟคทอรี่,0,144,0%,7.92
sl tp คือ,0,144,0%,10.99
slคืออะไร,0,143,0%,9.23
smc คืออะไร,0,142,0%,11.35
การคัดลอกเทรด,0,142,0%,50.58
ข่าวฟอเร็กแฟคตอรี่,0,141,0%,5.38
fxpro ดีไหม pantip,0,141,0%,7.76
โบรกเกอร์ เทรด ทอง,0,141,0%,26.04
parabolic sar ใช้ คู่ กับ,0,140,0%,6.33
sl คืออะไร,0,140,0%,14.61
exness โกง,0,139,0%,8.76
ตั้งค่า stochastic,0,139,0%,12.6
ฟอเร็กซ์คือ,0,139,0%,63.17
โบรกเกอร์ forex สเปรดต่ำที่สุด 2026,0,138,0%,11.44
เทรดทองคืออะไร,0,138,0%,40.46
เลเวอเรจ คืออะไร,0,138,0%,44.62
mitrade ปลอดภัยไหม,0,137,0%,6.79
เทรดทอง คือ,0,137,0%,41.91
การซื้อขาย cfd คืออะไร,0,137,0%,65.33
เทรดเดอร์ cfd,0,137,0%,68.65
qm pattern,0,136,0%,17.65
สัญญาณซื้อขาย forex,0,136,0%,18.15
signal forex รายเดือน,0,136,0%,18.99
โบรกเกอร์เทรดทองยอดนิยม,0,136,0%,22.74
ict เวลา ไทย,0,135,0%,11.93
zfx รีวิว,0,135,0%,13.79
แนวรับ แนวต้าน คือ,0,135,0%,39.65
cfd หุ้น,0,135,0%,64.9
โบรกเกอร์ forex ถอนเงินเร็ว ไทย,0,134,0%,3.82
forexfactory ไทย,0,134,0%,4.78
divergence convergence คือ,0,134,0%,7.87
forex broker thailand,0,133,0%,48.11
forex factory,0,132,0%,7.27
เทรดทองคํา forex,0,132,0%,20.58
เวลาเทรด forex,0,132,0%,28.73
iux vs exness ในไทย: สเปรด ฝากถอน แพลตฟอร์ม,0,131,0%,3.82
vt markets รีวิว,0,131,0%,18.37
ตลาด cfd,0,131,0%,69.13
โบรกเกอร์ spread ทองต่ำ,0,130,0%,20.54
แนะนำโบรกเกอร์,0,130,0%,62.93
เทรด forex โบรกไหนดี 2567,0,129,0%,14.8
metatrader 4 กับ 5 ต่างกันยังไง,0,129,0%,24.77
tp คืออะไร,0,127,0%,11.42
free swap forex,0,127,0%,33.9
บัญชี free swap,0,126,0%,5.87
การอ่านข่าว forex factory,0,126,0%,7.85
ict คือ เวลา อะไร,0,126,0%,10.66
เปลี่ยนภาษา forex factory,0,125,0%,6.52
markets4you ดีไหม,0,125,0%,9.02
divergent pattern,0,125,0%,10.06
แนะนำโบรกเกอร์ forex,0,125,0%,29.15
แพทเทิร์น กราฟแท่งเทียน,0,125,0%,29.3
cfd trade,0,125,0%,75.4
relative strength index คือ,0,124,0%,14.73
โบนัสฟรีไม่ต้องฝาก,0,124,0%,33.52
vps,0,124,0%,81.97
8eight cap,0,123,0%,11.34
sideway คือ,0,123,0%,14.79
octafx,0,123,0%,22.35
free margin คือ,0,123,0%,33.79
ตามเทรนด์,0,123,0%,56.14
doo prime รีวิว,0,121,0%,15.62
hfm broker,0,121,0%,21.25
โบนัส เทรด ฟรี ถอนได้ ไม่ต้องฝาก,0,121,0%,33.02
10 อันดับ หุ้น ปันผล,0,121,0%,55.21
เทรดฟอเร็กซ์,0,121,0%,58.28
บัญชีซื้อขาย cfd,0,121,0%,79.42
การเทรดรูปแบบ price action,0,120,0%,8.1
กลยุทธ์ cfd,0,120,0%,28.17
fxtm ดีไหม,0,119,0%,14.28
xm review,0,119,0%,58.16
หุ้น น่า ลงทุน ระยะสั้น 2566,0,118,0%,5.06
margin of safety คือ,0,118,0%,7.66
broker forex spread ต่ำ,0,118,0%,12.53
การเทรดออปชั่น,0,118,0%,22.03
แนะนำโบรกเกอร์เทรดทอง,0,118,0%,22.15
ค่าสเปรด คือ,0,118,0%,44.03
รีเบท คือ,0,117,0%,7.16
vt market ดีไหม,0,117,0%,8.49
โบรกเทรดทอง,0,117,0%,24.61
โบรกเกอร์ forex น่าเชื่อถือ,0,117,0%,29.09
ตลาดเทรดทองเปิดกี่โมง,0,117,0%,29.09
บัญชีเทรด swap free ออนไลน์,0,116,0%,8.24
กราฟแพทเทิร์น,0,116,0%,16.66
โบรกเกอร์ฟอเร็กซ์สเปรดต่ำ,0,116,0%,22.59
copy trade เจ้าไหนดี,0,116,0%,24.35
โบนัสฟรี ล่าสุด,0,116,0%,33.64
เทรดforex เสียภาษียังไง,0,115,0%,6.67
เทรดแบบ option,0,115,0%,27.36
smc คือ อะไร,0,114,0%,15.98
dw,0,114,0%,41.23
แพทเทิลกราฟ,0,113,0%,5.44
บัญชี swap free ไทย,0,113,0%,9.88
land prime ดีไหม,0,113,0%,20.65
lot size คือ,0,113,0%,34.95
ตะกร้าค่าเงิน forex,0,112,0%,4.04
หุ้น ai ต่างประเทศ,0,112,0%,5.78
ฟอเร็กซ์ ข่าว,0,112,0%,10.9
รีเบทสูง,0,112,0%,13.04
connext ปลอดภัยไหม,0,111,0%,12.96
forex ฟรี 10,0,111,0%,22.14
fxgt broker รีวิว,0,111,0%,29.64
fomc คือ,0,110,0%,6.61
fvg คืออะไร เทรด,0,110,0%,6.66
โกลสปอต,0,110,0%,9.31
fxgt ถอนเงินไม่ได้,0,110,0%,9.47
factory forex,0,110,0%,11.51
วิเคราะห์ข่าว forex วันนี้,0,110,0%,18.65
indicator แนะ นํา,0,110,0%,21.43
forex ฟรีโบนัส,0,110,0%,22.94
วิธีซื้อขายทองคำในตลาดฟอเร็กซ์,0,110,0%,25.75
แพลตฟอร์มเทรดทองคำที่ดีที่สุด 2026,0,109,0%,12.02
โบรกเกอร์ฟอเร็กซ์ที่มีสเปรดต่ำที่สุด,0,109,0%,21.03
โบรกเกอร์ฟอเร็กซ์พร้อมโบนัสต้อนรับ,0,109,0%,27.65
fxgt ถอนเงิน,0,108,0%,11.32
ตรวจสอบ โบรกเกอร์ forex,0,108,0%,14.67
gmi market ดีไหม,0,108,0%,16.38
xauusd เปิด กี่ โมง,0,108,0%,21.03
ตารางเวลาตลาด forex,0,108,0%,21.48
ความแตกต่างระหว่าง mt4 และ mt5,0,108,0%,24.72
โบรกเกอร์ฟอเร็กซ์ที่มีโบนัส,0,108,0%,25.57
โบรกเกอร์ forex ที่ น่า เชื่อถือ,0,108,0%,33.1
ฮาโมนิค forex,0,107,0%,7.93
ค่า สวอป คือ,0,107,0%,23.52
เทคนิคเทรด forex,0,107,0%,24.41
เวลาเปิดตลาด forex,0,107,0%,27.2
เทรดเดอร์ฟอเร็กซ์ที่ดีที่สุดในโลก,0,107,0%,28.04
pepperstone รีวิว,0,107,0%,32.75
ตัวชี้วัด forex mt4,0,107,0%,33.4
broker swap free,0,107,0%,66.09
เปิดบัญชี ฟรี สวอป ประเทศไทย,0,106,0%,10.09
โบรกเกอร์ forex ที่มีสเปรดต่ำ,0,106,0%,15.02
exness trader ดี ไหม,0,106,0%,21.17
dow theory คือ,0,106,0%,24.25
copytrade คือ,0,106,0%,39.5
land fx ดีไหม,0,105,0%,9.17
กลยุทธ์ การ เทรด,0,105,0%,21.37
หุ้น xauusd คือ อะไร,0,105,0%,27.7
วิธี copy trade,0,105,0%,38.49
commodity คือ,0,105,0%,49.58
spdr ซื้อ หรือ ขาย ทอง รู้ ได้ อย่างไร,0,104,0%,12.88
โบรกเกอร์ฟอเร็กซ์ที่ดีที่สุด,0,104,0%,35.6
หุ้น dw,0,104,0%,35.87
ค่า spread คือ,0,104,0%,45.03
ปฏิทินเศรษฐกิจ forex factory,0,103,0%,12.89
mt5 กับ mt4 ต่าง กัน ยัง ไง,0,103,0%,22.83
สเปรด คือ,0,103,0%,45.62
xm reviews,0,103,0%,55.48
forex broker,0,103,0%,64.95
xm opinion,0,103,0%,68.69
ict เวลา คือ,0,102,0%,7.61
market4you,0,102,0%,8.21
วิธี ดูข่าว forex factory,0,102,0%,10.18
เทรด กองทุน,0,102,0%,15.92
ไม่มี บัญชี สวอป ประเทศไทย,0,102,0%,16.83
parabolic คือ,0,102,0%,28.94
mt4 mt5,0,102,0%,47.33
รับโบนัสฟรี,0,102,0%,49.33
parabolic sar ตั้ง ค่า,0,101,0%,14.86
tp คือค่าอะไร,0,101,0%,21.56
การใช้ macd,0,101,0%,22.66
โบนัส เทรด ฟรี ถอนได้ 2567,0,101,0%,27.05
1 lot คือ,0,101,0%,39.48
fibonacci,0,101,0%,40.87
การเทรดทอง,0,101,0%,50.2
หุ้นปันผล 2567,0,101,0%,56.01
finviz forex.com,0,100,0%,8.18
โบรกเกอร์ forex ส เปร ด ต่ำ,0,100,0%,19.19
"""doo prime"" ""swap long"" ""xauusd""",0,99,0%,9.43
bullish divergence คือ,0,99,0%,18.42
แท่งเทียนกลับตัว,0,99,0%,32.05
โบรกเกอร์ฟอเร็กซ์ที่ดีที่สุดในโลก,0,99,0%,44.59
เทรด forex คือ,0,99,0%,55.71
หุ้นถุงยาง,0,98,0%,5.42
connext mt5,0,98,0%,8.83
โบรกเกอร์ฟอเร็กซ์ที่ดีที่สุด 2026,0,98,0%,17.35
hfm trading,0,98,0%,22.01
rsi คำนวณจากอะไร?,0,98,0%,24.37
เทรดเดอร์คือ,0,98,0%,27.63
ichimoku คือ,0,98,0%,33.08
เทรด ฟรี,0,98,0%,54.27
finviz.com forex,0,97,0%,11.31
ข่าวforex factory,0,97,0%,15.76
โบรกเกอร์ ที่ น่า เชื่อถือ,0,97,0%,32.69
forex คืออะไร เข้าใจง่าย,0,97,0%,46.21
copy trade,0,97,0%,57.16
buy,0,96,0%,2.36
2luna,0,96,0%,8.11
ทามเฟรม คือ,0,96,0%,8.17
vt markets ดีไหม,0,96,0%,16.17
ตารางข่าว forex,0,96,0%,16.25
octafx ดีไหม,0,96,0%,19.02
ตลาด xauusd เปิด กี่ โมง,0,96,0%,20.34
อาชีพเทรดเดอร์ คือ,0,96,0%,24.86
forex น่า เชื่อถือ,0,96,0%,33.65
forex เล่นยังไง,0,96,0%,57.53
ftmo สมัคร,0,95,0%,7.75
indicator เทรด ทอง,0,95,0%,18.35
eightcap รีวิว,0,95,0%,18.63
rsi สําคัญอย่างไร,0,95,0%,25.11
คัดลอกเทรดเดอร์มืออาชีพ,0,95,0%,40.75
แพทเทิร์นกลับตัว,0,94,0%,16.12
โบรกเกอร์ spread ทอง ต่ำ,0,94,0%,17.72
โบรกเกอร์ ส เปร ด ต่ำ,0,94,0%,18.04
โบรกเกอร์ ส เปร ด ทอง ต่ำ,0,94,0%,18.89
exness น่า เชื่อถือ ไหม,0,94,0%,19.63
ic market ดีไหม,0,94,0%,24.23
fbs broker,0,94,0%,27.88
โบ รก ทอง,0,94,0%,27.94
เวลา forex,0,94,0%,30.94
โบรกเกอร์ forex จดทะเบียน,0,94,0%,35.6
เทรดทอง คืออะไร,0,94,0%,42.34
เทรด น้ำมัน,0,94,0%,46.98
โบนัสฝากเงิน,0,94,0%,55.2
การซื้อขาย fx,0,94,0%,55.36
indicator ที่แม่นยำที่สุด,0,93,0%,11.81
วิธีเทรดทอง forex,0,93,0%,16.2
dooprime,0,93,0%,16.24
เวลา เปิด ปิด ตลาด forex,0,93,0%,26.27
โบ รก forex ที่ น่า เชื่อถือ,0,93,0%,35.11
slippage คือ,0,93,0%,43.46
โบรกเกอร์ ที่ ดี ที่สุด,0,93,0%,43.71